Owner Info,No of Bhk,Price Info,Locality, Square Feet, Construction,Price Per Sqft
BUILDER,3 BHK Apartment in Anuhar Rami Reddy Towers, 1.6 Cr,Manikonda,2810 ,Under Construction,"5,699 / sq ft"
BUILDER,2 BHK Apartment in Salarpuria Magnus, 1.43 Cr,Shaikpet,1495 ,Ready to move,"9,565 / sq ft"
BUILDER,2 BHK Apartment in Risinia Trendilla, 56.98 L,Bachupally,1295 ,Under Construction,"4,400 / sq ft"
BUILDER,2 BHK Apartment in Suchirindia The Tales of Greek, 43.6 L,Shamshabad,890 ,Under Construction,"4,899 / sq ft"
BUILDER,3 BHK Apartment in Aakriti Esta, 65.82 L,Tellapur,1431 ,Under Construction,"4,600 / sq ft"
BUILDER,3 BHK Apartment in Rami Reddy Laxmi Ram Haran, 1.65 Cr,Attapur,2540 ,Under Construction,"6,501 / sq ft"
BUILDER,4 BHK Villa in Vessella Woods, 6.22 Cr,Serilingampally,4147 ,Under Construction,"15,000 / sq ft"
BUILDER,3 BHK Apartment in Om Sree Brilliance, 1.18 Cr,Sainikpuri,2200 ,Under Construction,"5,400 / sq ft"
BUILDER,Residential Plot in Haripriya Dukes County Phase II, 1.11 Cr,Sheriguda,3150 ,New,"3,555 / sq ft"
BUILDER,3 BHK Apartment in Riddhi Grandeur, 95.35 L,Manikonda,1538 ,Under Construction,"6,200 / sq ft"
BUILDER,4 BHK Villa in Vajra Nature City, 1.45 Cr,Bachupally,2300 ,Under Construction,"6,304 / sq ft"
BUILDER,2 BHK Apartment in Vasavi Sri Nivasam, 56.02 L,Ghatkesar,1245 ,Under Construction,"4,500 / sq ft"
BUILDER,2 BHK Apartment in Theme Vista, 72.05 L,Attapur,1310 ,Under Construction,"5,500 / sq ft"
BUILDER,2 BHK Apartment in Beams 4 Blocks, 61.57 L,Kompally,1310 ,Under Construction,"4,700 / sq ft"
BUILDER,3 BHK Independent House in Harshith Lahari Aananda Spring Field Villas, 1.46 Cr,Shankarpalli,3120 ,Under Construction,"4,700 / sq ft"
BUILDER,3 BHK Apartment in Engineers Sri Tirumala Millennium Phase II, 75.58 L,Mallampet,1800 ,Under Construction,"4,199 / sq ft"
BUILDER,3 BHK Apartment in Prasad Atluri Cyber Springs, 96.22 L,Nanakramguda,1415 ,Ready to move,"6,800 / sq ft"
BUILDER,4 BHK Apartment in Prestige Ivy League, 2.9 Cr,Hitech City,3498 ,Ready to move,"8,290 / sq ft"
BUILDER,3 BHK Apartment in Anuhar Rami Reddy Towers, 97.11 L,Manikonda,1704 ,Under Construction,"5,699 / sq ft"
BUILDER,4 BHK Apartment in Salarpuria Magnus, 3.04 Cr,Shaikpet,2965 ,Ready to move,"10,252 / sq ft"
BUILDER,2 BHK Apartment in Risinia Trendilla, 52.58 L,Bachupally,1195 ,Under Construction,"4,400 / sq ft"
BUILDER,2 BHK Apartment in Suchirindia The Tales of Greek, 44.33 L,Shamshabad,905 ,Under Construction,"4,899 / sq ft"
BUILDER,3 BHK Apartment in Aakriti Esta, 66.01 L,Tellapur,1435 ,Under Construction,"4,600 / sq ft"
BUILDER,3 BHK Apartment in Rami Reddy Laxmi Ram Haran, 1.65 Cr,Attapur,2540 ,Under Construction,"6,501 / sq ft"
BUILDER,4 BHK Villa in Vessella Woods, 4.89 Cr,Serilingampally,3262 ,Under Construction,"15,000 / sq ft"
BUILDER,3 BHK Apartment in Om Sree Brilliance, 1.18 Cr,Sainikpuri,2195 ,Under Construction,"5,400 / sq ft"
BUILDER,Residential Plot in Haripriya Dukes County Phase II, 1.11 Cr,Sheriguda,3150 ,New,"3,555 / sq ft"
BUILDER,3 BHK Apartment in Riddhi Grandeur, 93.31 L,Manikonda,1505 ,Under Construction,"6,200 / sq ft"
BUILDER,2 BHK Apartment in Vasavi Sri Nivasam, 56.02 L,Ghatkesar,1245 ,Under Construction,"4,500 / sq ft"
BUILDER,3 BHK Apartment in Theme Vista, 81.67 L,Attapur,1485 ,Under Construction,"5,500 / sq ft"
BUILDER,2 BHK Apartment in Beams 4 Blocks, 58.51 L,Kompally,1245 ,Under Construction,"4,700 / sq ft"
BUILDER,3 BHK Independent House in Harshith Lahari Aananda Spring Field Villas, 1.41 Cr,Shankarpalli,3000 ,Under Construction,"4,700 / sq ft"
BUILDER,2 BHK Apartment in Engineers Sri Tirumala Millennium Phase II, 47.99 L,Mallampet,1143 ,Under Construction,"4,199 / sq ft"
BUILDER,3 BHK Apartment in Prasad Atluri Cyber Springs, 96.9 L,Nanakramguda,1425 ,Ready to move,"6,800 / sq ft"
BUILDER,4 BHK Apartment in Prestige Ivy League, 2.56 Cr,Hitech City,3031 ,Ready to move,"8,446 / sq ft"
BUILDER,3 BHK Apartment in Anuhar Rami Reddy Towers, 1.6 Cr,Manikonda,2810 ,Under Construction,"5,699 / sq ft"
BUILDER,3 BHK Apartment in Salarpuria Magnus, 1.77 Cr,Shaikpet,1865 ,Ready to move,"9,490 / sq ft"
BUILDER,3 BHK Apartment in Risinia Trendilla, 74.58 L,Bachupally,1695 ,Under Construction,"4,400 / sq ft"
BUILDER,2 BHK Apartment in Suchirindia The Tales of Greek, 48.65 L,Shamshabad,945 ,Under Construction,"5,149 / sq ft"
BUILDER,3 BHK Apartment in Aakriti Esta, 72.22 L,Tellapur,1570 ,Under Construction,"4,600 / sq ft"
BUILDER,3 BHK Apartment in Rami Reddy Laxmi Ram Haran, 1.65 Cr,Attapur,2540 ,Under Construction,"6,501 / sq ft"
BUILDER,4 BHK Villa in Vessella Woods, 6.38 Cr,Serilingampally,4258 ,Under Construction,"15,000 / sq ft"
BUILDER,3 BHK Apartment in Om Sree Brilliance, 1.15 Cr,Sainikpuri,2130 ,Under Construction,"5,400 / sq ft"
BUILDER,Residential Plot in Haripriya Dukes County Phase II, 63.99 L,Sheriguda,1800 ,New,"3,555 / sq ft"
BUILDER,2 BHK Apartment in Riddhi Grandeur, 77.19 L,Manikonda,1245 ,Under Construction,"6,200 / sq ft"
BUILDER,3 BHK Apartment in Vasavi Sri Nivasam, 70.65 L,Ghatkesar,1570 ,Under Construction,"4,500 / sq ft"
BUILDER,3 BHK Apartment in Theme Vista, 98.72 L,Attapur,1795 ,Under Construction,"5,500 / sq ft"
BUILDER,3 BHK Apartment in Beams 4 Blocks, 74.02 L,Kompally,1575 ,Under Construction,"4,700 / sq ft"
BUILDER,2 BHK Apartment in Engineers Sri Tirumala Millennium Phase II, 48.37 L,Mallampet,1152 ,Under Construction,"4,199 / sq ft"
OWNER,2 BHK Apartment, 43.17 L,Patancheru,1439 ,Ready to move,"3,000 / sq ft"
AGENT,3 BHK Apartment in Aliens Space Stations, 92.62 L,Tellapur,1597 ,Under Construction,"5,800 / sq ft"
AGENT,2 BHK Apartment, 47 L,Nacharam,1050 ,Ready to move,"4,476 / sq ft"
OWNER,3 BHK Apartment in Yashoda Sannidhi, 76 L,Miyapur,1337 ,Ready to move,"5,684 / sq ft"
OWNER,2 BHK Apartment, 42 L,Mokila,1000 ,Under Construction,"4,200 / sq ft"
OWNER,2 BHK Apartment, 87 L,Manikonda,1230 ,Ready to move,"7,073 / sq ft"
OWNER,3 BHK Villa in Lakshmi Srinivasa Bhavnas GLC Cribs, 1.2 Cr,Bahadurpally,2000 ,Under Construction,"6,000 / sq ft"
OWNER,3 BHK Villa, 1.9 Cr,Kollur,3000 ,Under Construction,"6,333 / sq ft"
OWNER,3 BHK Apartment in Lanco Hills Apartments, 2.2 Cr,Manikonda,2540 ,Ready to move,"8,661 / sq ft"
OWNER,2 BHK Apartment, 50 L,Hastinapuram,1175 ,Ready to move,"4,255 / sq ft"
AGENT,3 BHK Apartment in Reputed Builder Saraswati Residency, 62.37 L,Aushapur,1025 ,Under Construction,"6,085 / sq ft"
OWNER,2 BHK Villa, 80 L,Mokila,2600 ,Under Construction,"3,076 / sq ft"
OWNER,2 BHK Apartment, 69 L,Nagole,1100 ,Under Construction,"6,272 / sq ft"
OWNER,4 BHK Independent House, 77.99 L,Indresham,1800 ,Ready to move,"4,333 / sq ft"
OWNER,2 BHK Apartment in BRC Sri Hemadurga Sivahills, 82.41 L,Puppalaguda,1230 ,Under Construction,"6,700 / sq ft"
OWNER,3 BHK Apartment, 1.03 Cr,Madhapur,1450 ,Under Construction,"7,103 / sq ft"
OWNER,9 BHK Independent House, 2.9 Cr,Saidabad,5400 ,Ready to move,"5,370 / sq ft"
OWNER,6 BHK Villa, 1.12 Cr,Sainikpuri,2300 ,Under Construction,"4,869 / sq ft"
OWNER,2 BHK Apartment in Aaditri Aaditris Empire, 50 L,Kollur,1250 ,Under Construction,"4,000 / sq ft"
OWNER,2 BHK Independent House, 2.5 Cr,Chandanagar,1350 ,Ready to move,"18,518 / sq ft"
OWNER,10 BHK Independent House, 3.5 Cr,Mehdipatnam,9468 ,Ready to move,"3,696 / sq ft"
OWNER,3 BHK Apartment, 42.77 L,muthangi,1585 ,Under Construction,"2,699 / sq ft"
OWNER,2 BHK Apartment, 60 L,Ramachandra Puram,1200 ,Ready to move,"5,000 / sq ft"
OWNER,2 BHK Apartment, 59 L,Mallapur,1168 ,Ready to move,"5,051 / sq ft"
OWNER,2 BHK Apartment, 55 L,Gajularamaram,1285 ,Ready to move,"4,280 / sq ft"
OWNER,2 BHK Apartment in Alpine GMR Springfield, 40 L,Kompally,1100 ,Under Construction,"3,636 / sq ft"
OWNER,3 BHK Apartment, 42.17 L,Chandanagar Vill,1205 ,Under Construction,"3,500 / sq ft"
OWNER,Residential Plot, 5.56 L,Shamshabad,1089 ,Resale,511 / sq ft
OWNER,3 BHK Apartment in Accurate Wind Chimes, 1.2 Cr,Narsingi,1655 ,Ready to move,"7,250 / sq ft"
OWNER,3 BHK Apartment in Aditya Imperial Heights, 1.2 Cr,Kukatpally,1800 ,Ready to move,"6,666 / sq ft"
OWNER,4 BHK Villa, 78 L,Kundanpally,2200 ,Under Construction,"3,545 / sq ft"
OWNER,2 BHK Apartment in Lunar Gardenia, 70 L,Manikonda,1300 ,Ready to move,"5,384 / sq ft"
OWNER,3 BHK Independent House, 1.4 Cr,Jubilee Hills,756 ,Ready to move,"18,518 / sq ft"
OWNER,6 BHK Apartment in Sri Krishna Krishe Valley, 2.9 Cr,Banjara Hills,2414 ,Ready to move,"12,013 / sq ft"
OWNER,6 BHK Villa in Reputed Builder Lakshmi Vihar Phase 2, 6 Cr,Nallagandla Gachibowli,5740 ,Ready to move,"10,452 / sq ft"
OWNER,2 BHK Apartment, 45 L,Amberpet,935 ,Ready to move,"4,812 / sq ft"
OWNER,3 BHK Apartment, 59 L,Nizampet,1705 ,Ready to move,"3,460 / sq ft"
OWNER,2 BHK Independent House, 45 L,Shadnagar,1136 ,Ready to move,"3,961 / sq ft"
OWNER,3 BHK Apartment in NS Mountain View, 1.1 Cr,Banjara Hills,1602 ,Ready to move,"6,866 / sq ft"
OWNER,Residential Plot, 11.26 L,Shadnagar,1314 ,Resale,856 / sq ft
OWNER,Residential Plot, 30 L,chandrayangutta,900 ,Resale,"3,333 / sq ft"
OWNER,Residential Plot in Sathguru Sathguru Central, 44 L,Medchal,1503 ,Resale,"2,927 / sq ft"
OWNER,2 BHK Apartment, 38 L,Serilingampally,830 ,Ready to move,"4,578 / sq ft"
OWNER,2 BHK Apartment, 64.7 L,Puppalaguda,1290 ,Ready to move,"5,015 / sq ft"
OWNER,5 BHK Villa, 2.5 Cr,Kothapet,4400 ,Ready to move,"5,681 / sq ft"
OWNER,3 BHK Independent House, 93 L,Bandlaguda Jagir,1332 ,Ready to move,"6,981 / sq ft"
OWNER,3 BHK Villa, 1.31 Cr,AS Rao Nagar,3000 ,Ready to move,"4,366 / sq ft"
OWNER,2 BHK Independent House, 60 L,Pasumamula,1300 ,Under Construction,"4,615 / sq ft"
OWNER,2 BHK Apartment in Vaishnavi Fresh Living Apartments, 1.29 Cr,Madhapur,1360 ,Ready to move,"9,485 / sq ft"
OWNER,2 BHK Independent House, 62 L,Chengicherla,1197 ,Ready to move,"5,179 / sq ft"
OWNER,2 BHK Apartment, 53.72 L,Karmanghat,1130 ,Ready to move,"4,753 / sq ft"
AGENT,3 BHK Apartment in Aliens Space Stations, 1.28 Cr,Tellapur,2208 ,Under Construction,"5,800 / sq ft"
AGENT,3 BHK Apartment in Aliens Space Stations, 2.07 Cr,Tellapur,3569 ,Under Construction,"5,800 / sq ft"
AGENT,3 BHK Apartment in Aliens Space Station Township, 1.17 Cr,Tellapur,2132 ,Under Construction,"5,500 / sq ft"
AGENT,3 BHK Apartment in Aliens Space Station Township, 1 Cr,Tellapur,2132 ,Under Construction,"4,700 / sq ft"
OWNER,2 BHK Apartment, 42 L,Mokila,1000 ,Under Construction,"4,200 / sq ft"
OWNER,2 BHK Apartment, 48 L,Mokila,1000 ,Under Construction,"4,800 / sq ft"
OWNER,3 BHK Villa, 95 L,Mokila,2600 ,Under Construction,"3,653 / sq ft"
OWNER,2 BHK Apartment, 87 L,Manikonda,1230 ,Ready to move,"7,073 / sq ft"
OWNER,3 BHK Villa, 95 L,Mokila,2600 ,Under Construction,"3,653 / sq ft"
OWNER,3 BHK Villa in Lakshmi Srinivasa Bhavnas GLC Cribs, 1.2 Cr,Bahadurpally,2000 ,Under Construction,"6,000 / sq ft"
OWNER,3 BHK Villa in Lakshmi Srinivasa Bhavnas GLC Cribs, 1.2 Cr,Bahadurpally,2000 ,Under Construction,"6,000 / sq ft"
OWNER,3 BHK Villa in Lakshmi Srinivasa Bhavnas GLC Cribs, 1.2 Cr,Bahadurpally,2000 ,Under Construction,"6,000 / sq ft"
OWNER,3 BHK Villa in Lakshmi Srinivasa Bhavnas GLC Cribs, 1.2 Cr,Bahadurpally,2000 ,Under Construction,"6,000 / sq ft"
OWNER,2 BHK Apartment, 38 L,Gandi Maisamma,1000 ,Ready to move,"3,800 / sq ft"
AGENT,3 BHK Apartment in Reputed Builder Saraswati Residency, 69.25 L,Aushapur,1150 ,Under Construction,"6,021 / sq ft"
AGENT,3 BHK Apartment in Reputed Builder Saraswati Residency, 76.12 L,Aushapur,1275 ,Under Construction,"5,970 / sq ft"
OWNER,2 BHK Villa, 80 L,Mokila,2600 ,Under Construction,"3,076 / sq ft"
OWNER,2 BHK Villa, 80 L,Mokila,2600 ,Under Construction,"3,076 / sq ft"
OWNER,3 BHK Apartment in Lanco Hills Apartments, 2.2 Cr,Manikonda,2540 ,Ready to move,"8,661 / sq ft"
OWNER,2 BHK Villa, 80 L,Mokila,2600 ,Under Construction,"3,076 / sq ft"
OWNER,2 BHK Villa, 80 L,Mokila,2600 ,Under Construction,"3,076 / sq ft"
OWNER,2 BHK Villa, 80 L,Mokila,2600 ,Under Construction,"3,076 / sq ft"
OWNER,2 BHK Villa, 80 L,Mokila,2600 ,Under Construction,"3,076 / sq ft"
OWNER,2 BHK Villa, 80 L,Mokila,2600 ,Under Construction,"3,076 / sq ft"
OWNER,2 BHK Villa, 80 L,Mokila,2600 ,Under Construction,"3,076 / sq ft"
OWNER,2 BHK Villa, 80 L,Mokila,2600 ,Under Construction,"3,076 / sq ft"
OWNER,2 BHK Villa, 80 L,Mokila,2600 ,Under Construction,"3,076 / sq ft"
OWNER,4 BHK Independent House, 77.99 L,Indresham,1800 ,Ready to move,"4,333 / sq ft"
OWNER,4 BHK Independent House, 77.99 L,Indresham,1800 ,Ready to move,"4,333 / sq ft"
OWNER,4 BHK Independent House, 77.99 L,Indresham,1800 ,Ready to move,"4,333 / sq ft"
OWNER,4 BHK Independent House, 77.99 L,Indresham,1800 ,Ready to move,"4,333 / sq ft"
OWNER,4 BHK Independent House, 77.99 L,Indresham,1800 ,Ready to move,"4,333 / sq ft"
OWNER,4 BHK Independent House, 77.99 L,Indresham,1800 ,Ready to move,"4,333 / sq ft"
OWNER,4 BHK Independent House, 77.99 L,Indresham,1800 ,Ready to move,"4,333 / sq ft"
OWNER,4 BHK Independent House, 77.99 L,Indresham,1800 ,Ready to move,"4,333 / sq ft"
OWNER,4 BHK Independent House, 77.99 L,Indresham,1800 ,Ready to move,"4,333 / sq ft"
OWNER,4 BHK Independent House, 77.99 L,Indresham,1800 ,Ready to move,"4,333 / sq ft"
OWNER,2 BHK Apartment in BRC Sri Hemadurga Sivahills, 82.41 L,Puppalaguda,1230 ,Under Construction,"6,700 / sq ft"
OWNER,9 BHK Independent House, 2.9 Cr,Saidabad,5400 ,Ready to move,"5,370 / sq ft"
OWNER,6 BHK Villa, 1.12 Cr,Sainikpuri,2300 ,Under Construction,"4,869 / sq ft"
OWNER,3 BHK Apartment, 1.03 Cr,Madhapur,1450 ,Under Construction,"7,103 / sq ft"
OWNER,3 BHK Apartment, 1.03 Cr,Madhapur,1450 ,Under Construction,"7,103 / sq ft"
OWNER,3 BHK Apartment, 98 L,Madhapur,1450 ,Under Construction,"6,758 / sq ft"
OWNER,9 BHK Independent House, 2.9 Cr,Saidabad,5400 ,Ready to move,"5,370 / sq ft"
OWNER,9 BHK Independent House, 2.9 Cr,Saidabad,5400 ,Ready to move,"5,370 / sq ft"
OWNER,3 BHK Apartment in Aaditri Aaditris Empire, 66.27 L,Kollur,1665 ,Under Construction,"3,980 / sq ft"
OWNER,3 BHK Apartment in Aaditri Aaditris Empire, 66.27 L,Kollur,1665 ,Under Construction,"3,980 / sq ft"
OWNER,3 BHK Apartment in Aaditri Aaditris Empire, 66.27 L,Kollur,1665 ,Under Construction,"3,980 / sq ft"
OWNER,3 BHK Apartment in Aaditri Aaditris Empire, 66.27 L,Kollur,1665 ,Under Construction,"3,980 / sq ft"
OWNER,2 BHK Apartment in Aaditri Aaditris Empire, 50 L,Kollur,1250 ,Under Construction,"4,000 / sq ft"
OWNER,2 BHK Apartment in Aaditri Aaditris Empire, 50 L,Kollur,1250 ,Under Construction,"4,000 / sq ft"
OWNER,2 BHK Apartment in Aaditri Aaditris Empire, 50 L,Kollur,1250 ,Under Construction,"4,000 / sq ft"
OWNER,3 BHK Apartment in Aaditri Aaditris Empire, 66.27 L,Kollur,1665 ,Under Construction,"3,980 / sq ft"
OWNER,2 BHK Apartment in BRC Sri Hemadurga Sivahills, 82.41 L,Puppalaguda,1230 ,Under Construction,"6,700 / sq ft"
OWNER,3 BHK Villa in Lakshmi Srinivasa Bhavnas GLC Cribs, 1.2 Cr,Bahadurpally,2200 ,Ready to move,"5,454 / sq ft"
OWNER,3 BHK Villa in Lakshmi Srinivasa Bhavnas GLC Cribs, 1.2 Cr,Bahadurpally,2200 ,Ready to move,"5,454 / sq ft"
OWNER,2 BHK Apartment in BRC Sri Hemadurga Sivahills, 82.41 L,Puppalaguda,1230 ,Under Construction,"6,700 / sq ft"
OWNER,4 BHK Independent House, 74.99 L,Patancheru,1820 ,Ready to move,"4,120 / sq ft"
OWNER,Residential Plot, 5.56 L,Shamshabad,1089 ,Resale,511 / sq ft
OWNER,Residential Plot, 5.56 L,Shamshabad,1089 ,Resale,511 / sq ft
OWNER,2 BHK Apartment in Lunar Gardenia, 70 L,Manikonda,1300 ,Ready to move,"5,384 / sq ft"
OWNER,3 BHK Apartment, 36 L,muthangi,1520 ,Under Construction,"2,368 / sq ft"
OWNER,2 BHK Apartment, 26 L,muthangi,1170 ,Under Construction,"2,222 / sq ft"
OWNER,3 BHK Apartment, 47.6 L,Miyapur,1360 ,Under Construction,"3,500 / sq ft"
OWNER,3 BHK Apartment, 47.6 L,Miyapur,1360 ,Under Construction,"3,500 / sq ft"
OWNER,2 BHK Independent House, 36 L,Miyapur,1040 ,Under Construction,"3,461 / sq ft"
OWNER,2 BHK Apartment, 26 L,muthangi,1170 ,Under Construction,"2,222 / sq ft"
OWNER,3 BHK Apartment, 36 L,muthangi,1560 ,Under Construction,"2,307 / sq ft"
OWNER,3 BHK Apartment, 36 L,muthangi,1560 ,Under Construction,"2,307 / sq ft"
OWNER,3 BHK Apartment, 36 L,muthangi,1560 ,Under Construction,"2,307 / sq ft"
OWNER,3 BHK Apartment, 36 L,muthangi,1560 ,Under Construction,"2,307 / sq ft"
OWNER,3 BHK Apartment, 36 L,muthangi,1520 ,Under Construction,"2,368 / sq ft"
OWNER,2 BHK Apartment, 36 L,Miyapur,1020 ,Under Construction,"3,529 / sq ft"
OWNER,2 BHK Apartment, 36 L,Miyapur,1020 ,Under Construction,"3,529 / sq ft"
OWNER,3 BHK Apartment, 36 L,muthangi,1520 ,Under Construction,"2,368 / sq ft"
OWNER,2 BHK Apartment, 26 L,muthangi,1170 ,Under Construction,"2,222 / sq ft"
OWNER,3 BHK Apartment, 44 L,Chandanagar,1240 ,Under Construction,"3,548 / sq ft"
OWNER,2 BHK Apartment, 36 L,Miyapur,1020 ,Under Construction,"3,529 / sq ft"
OWNER,3 BHK Apartment, 44 L,Chandanagar,1240 ,Under Construction,"3,548 / sq ft"
OWNER,2 BHK Apartment, 26 L,muthangi,1170 ,Under Construction,"2,222 / sq ft"
OWNER,3 BHK Apartment, 36 L,muthangi,1560 ,Under Construction,"2,307 / sq ft"
OWNER,3 BHK Apartment, 36 L,muthangi,1560 ,Under Construction,"2,307 / sq ft"
OWNER,3 BHK Apartment, 36 L,muthangi,1560 ,Under Construction,"2,307 / sq ft"
OWNER,3 BHK Apartment, 36 L,muthangi,1560 ,Under Construction,"2,307 / sq ft"
OWNER,3 BHK Apartment, 36 L,muthangi,1520 ,Under Construction,"2,368 / sq ft"
OWNER,2 BHK Apartment, 36 L,Miyapur,1020 ,Under Construction,"3,529 / sq ft"
OWNER,2 BHK Apartment, 36 L,Miyapur,1020 ,Under Construction,"3,529 / sq ft"
OWNER,2 BHK Apartment, 36 L,Miyapur,1020 ,Under Construction,"3,529 / sq ft"
OWNER,3 BHK Apartment, 36 L,muthangi,1520 ,Under Construction,"2,368 / sq ft"
OWNER,2 BHK Apartment, 26 L,muthangi,1170 ,Under Construction,"2,222 / sq ft"
OWNER,3 BHK Apartment, 44 L,Chandanagar,1240 ,Under Construction,"3,548 / sq ft"
OWNER,2 BHK Apartment, 36 L,Miyapur,1020 ,Under Construction,"3,529 / sq ft"
OWNER,3 BHK Apartment, 44 L,Chandanagar,1240 ,Under Construction,"3,548 / sq ft"
OWNER,2 BHK Apartment, 26 L,muthangi,1170 ,Under Construction,"2,222 / sq ft"
OWNER,3 BHK Apartment, 44 L,Chandanagar,1240 ,Under Construction,"3,548 / sq ft"
OWNER,2 BHK Apartment, 26 L,muthangi,1170 ,Under Construction,"2,222 / sq ft"
OWNER,3 BHK Apartment, 36 L,muthangi,1520 ,Under Construction,"2,368 / sq ft"
OWNER,3 BHK Apartment, 36 L,muthangi,1560 ,Under Construction,"2,307 / sq ft"
OWNER,2 BHK Apartment, 26 L,muthangi,1170 ,Under Construction,"2,222 / sq ft"
OWNER,3 BHK Apartment, 44 L,Chandanagar,1240 ,Under Construction,"3,548 / sq ft"
OWNER,2 BHK Apartment, 26 L,muthangi,1170 ,Under Construction,"2,222 / sq ft"
OWNER,3 BHK Apartment, 47.6 L,Miyapur,1360 ,Under Construction,"3,500 / sq ft"
OWNER,3 BHK Apartment, 47.6 L,Miyapur,1360 ,Under Construction,"3,500 / sq ft"
OWNER,2 BHK Independent House, 36 L,Miyapur,1040 ,Under Construction,"3,461 / sq ft"
OWNER,2 BHK Apartment, 26 L,muthangi,1170 ,Under Construction,"2,222 / sq ft"
OWNER,3 BHK Apartment, 36 L,muthangi,1560 ,Under Construction,"2,307 / sq ft"
OWNER,3 BHK Apartment, 36 L,muthangi,1560 ,Under Construction,"2,307 / sq ft"
OWNER,3 BHK Apartment, 36 L,muthangi,1560 ,Under Construction,"2,307 / sq ft"
OWNER,3 BHK Apartment, 36 L,muthangi,1560 ,Under Construction,"2,307 / sq ft"
OWNER,3 BHK Apartment, 36 L,muthangi,1520 ,Under Construction,"2,368 / sq ft"
OWNER,2 BHK Apartment, 36 L,Miyapur,1020 ,Under Construction,"3,529 / sq ft"
OWNER,2 BHK Apartment, 36 L,Miyapur,1020 ,Under Construction,"3,529 / sq ft"
OWNER,2 BHK Apartment, 36 L,Miyapur,1020 ,Under Construction,"3,529 / sq ft"
OWNER,2 BHK Apartment, 36 L,Miyapur,1020 ,Under Construction,"3,529 / sq ft"
OWNER,3 BHK Apartment, 36 L,muthangi,1520 ,Under Construction,"2,368 / sq ft"
OWNER,3 BHK Apartment, 36 L,muthangi,1560 ,Under Construction,"2,307 / sq ft"
OWNER,2 BHK Apartment, 26 L,muthangi,1170 ,Under Construction,"2,222 / sq ft"
OWNER,3 BHK Apartment, 36 L,muthangi,1560 ,Under Construction,"2,307 / sq ft"
OWNER,3 BHK Apartment, 36 L,muthangi,1560 ,Under Construction,"2,307 / sq ft"
OWNER,2 BHK Independent House, 36 L,Miyapur,1040 ,Under Construction,"3,461 / sq ft"
OWNER,3 BHK Apartment, 36 L,muthangi,1560 ,Under Construction,"2,307 / sq ft"
OWNER,2 BHK Independent House, 36 L,Miyapur,1040 ,Under Construction,"3,461 / sq ft"
OWNER,2 BHK Independent House, 36 L,Miyapur,1040 ,Under Construction,"3,461 / sq ft"
OWNER,2 BHK Independent House, 36 L,Miyapur,1040 ,Under Construction,"3,461 / sq ft"
OWNER,3 BHK Apartment, 36 L,muthangi,1560 ,Under Construction,"2,307 / sq ft"
OWNER,2 BHK Independent House, 36 L,Miyapur,1040 ,Under Construction,"3,461 / sq ft"
OWNER,2 BHK Apartment, 35 L,muthangi,1560 ,Under Construction,"2,243 / sq ft"
OWNER,2 BHK Apartment, 35 L,muthangi,1560 ,Under Construction,"2,243 / sq ft"
OWNER,2 BHK Apartment, 35 L,muthangi,1560 ,Under Construction,"2,243 / sq ft"
OWNER,2 BHK Apartment, 35 L,muthangi,1560 ,Under Construction,"2,243 / sq ft"
OWNER,2 BHK Apartment, 26 L,muthangi,1170 ,Under Construction,"2,222 / sq ft"
OWNER,2 BHK Apartment, 26 L,muthangi,1150 ,Under Construction,"2,260 / sq ft"
OWNER,2 BHK Apartment, 36 L,Miyapur,1150 ,Under Construction,"3,130 / sq ft"
OWNER,2 BHK Apartment, 36 L,Miyapur,1150 ,Under Construction,"3,130 / sq ft"
OWNER,2 BHK Apartment, 36 L,Miyapur,1150 ,Under Construction,"3,130 / sq ft"
OWNER,2 BHK Apartment, 36 L,Miyapur,1150 ,Under Construction,"3,130 / sq ft"
OWNER,2 BHK Apartment, 36 L,Miyapur,1150 ,Under Construction,"3,130 / sq ft"
OWNER,2 BHK Apartment, 36 L,Miyapur,1150 ,Under Construction,"3,130 / sq ft"
OWNER,2 BHK Apartment, 36 L,Miyapur,1150 ,Under Construction,"3,130 / sq ft"
OWNER,2 BHK Apartment, 26 L,muthangi,1150 ,Under Construction,"2,260 / sq ft"
OWNER,2 BHK Apartment, 26 L,muthangi,1150 ,Under Construction,"2,260 / sq ft"
OWNER,2 BHK Apartment, 26 L,muthangi,1150 ,Under Construction,"2,260 / sq ft"
OWNER,2 BHK Apartment, 26 L,muthangi,1150 ,Under Construction,"2,260 / sq ft"
OWNER,2 BHK Apartment, 26 L,muthangi,1150 ,Under Construction,"2,260 / sq ft"
OWNER,2 BHK Apartment, 36 L,Miyapur,1150 ,Under Construction,"3,130 / sq ft"
OWNER,3 BHK Apartment, 44 L,Chandanagar,1240 ,Under Construction,"3,548 / sq ft"
OWNER,2 BHK Apartment, 34 L,Miyapur,1040 ,Under Construction,"3,269 / sq ft"
OWNER,2 BHK Apartment, 35 L,muthangi,1560 ,Under Construction,"2,243 / sq ft"
OWNER,3 BHK Apartment, 44 L,Chandanagar,1240 ,Under Construction,"3,548 / sq ft"
OWNER,2 BHK Apartment, 38 L,Chandanagar Vill,1040 ,Under Construction,"3,653 / sq ft"
OWNER,2 BHK Apartment, 36 L,Miyapur,1150 ,Under Construction,"3,130 / sq ft"
OWNER,3 BHK Apartment, 44 L,Chandanagar,1240 ,Under Construction,"3,548 / sq ft"
OWNER,3 BHK Apartment, 44 L,Chandanagar,1240 ,Under Construction,"3,548 / sq ft"
OWNER,3 BHK Apartment, 44 L,Chandanagar,1240 ,Under Construction,"3,548 / sq ft"
OWNER,2 BHK Apartment, 34 L,Miyapur,1040 ,Under Construction,"3,269 / sq ft"
OWNER,2 BHK Apartment, 26 L,muthangi,1150 ,Under Construction,"2,260 / sq ft"
OWNER,2 BHK Apartment, 38 L,Chandanagar Vill,1040 ,Under Construction,"3,653 / sq ft"
OWNER,3 BHK Apartment, 44 L,Chandanagar,1240 ,Under Construction,"3,548 / sq ft"
OWNER,2 BHK Apartment, 36 L,Miyapur,1150 ,Under Construction,"3,130 / sq ft"
OWNER,2 BHK Apartment, 26 L,muthangi,1150 ,Under Construction,"2,260 / sq ft"
OWNER,3 BHK Apartment, 44 L,Chandanagar,1240 ,Under Construction,"3,548 / sq ft"
OWNER,2 BHK Apartment, 34 L,Miyapur,1040 ,Under Construction,"3,269 / sq ft"
OWNER,3 BHK Apartment, 44 L,Chandanagar,1240 ,Under Construction,"3,548 / sq ft"
OWNER,2 BHK Apartment, 38 L,Chandanagar Vill,1040 ,Under Construction,"3,653 / sq ft"
OWNER,2 BHK Apartment, 36 L,Miyapur,1150 ,Under Construction,"3,130 / sq ft"
OWNER,3 BHK Apartment, 44 L,Chandanagar,1240 ,Under Construction,"3,548 / sq ft"
OWNER,3 BHK Apartment, 44 L,Chandanagar,1240 ,Under Construction,"3,548 / sq ft"
OWNER,3 BHK Apartment, 44 L,Chandanagar,1240 ,Under Construction,"3,548 / sq ft"
OWNER,2 BHK Apartment, 34 L,Miyapur,1040 ,Under Construction,"3,269 / sq ft"
OWNER,2 BHK Apartment, 26 L,muthangi,1150 ,Under Construction,"2,260 / sq ft"
OWNER,2 BHK Apartment, 38 L,Chandanagar Vill,1040 ,Under Construction,"3,653 / sq ft"
OWNER,3 BHK Apartment, 44 L,Chandanagar,1240 ,Under Construction,"3,548 / sq ft"
OWNER,2 BHK Apartment, 36 L,Miyapur,1150 ,Under Construction,"3,130 / sq ft"
OWNER,2 BHK Apartment, 26 L,muthangi,1150 ,Under Construction,"2,260 / sq ft"
OWNER,2 BHK Apartment, 35.7 L,Miyapur,1020 ,Under Construction,"3,500 / sq ft"
OWNER,3 BHK Apartment, 54.6 L,Miyapur,1560 ,Under Construction,"3,500 / sq ft"
OWNER,2 BHK Apartment, 44 L,Miyapur,1050 ,Under Construction,"4,190 / sq ft"
OWNER,2 BHK Apartment, 35 L,muthangi,1560 ,Under Construction,"2,243 / sq ft"
OWNER,2 BHK Apartment, 35 L,muthangi,1560 ,Under Construction,"2,243 / sq ft"
OWNER,2 BHK Apartment, 35 L,muthangi,1560 ,Under Construction,"2,243 / sq ft"
OWNER,2 BHK Apartment, 38 L,Chandanagar Vill,1040 ,Under Construction,"3,653 / sq ft"
OWNER,2 BHK Apartment, 26 L,muthangi,1150 ,Under Construction,"2,260 / sq ft"
OWNER,2 BHK Apartment, 26 L,muthangi,1150 ,Under Construction,"2,260 / sq ft"
OWNER,2 BHK Apartment, 26 L,muthangi,1150 ,Under Construction,"2,260 / sq ft"
OWNER,2 BHK Apartment, 38 L,Chandanagar Vill,1040 ,Under Construction,"3,653 / sq ft"
OWNER,3 BHK Apartment, 36 L,muthangi,1520 ,Under Construction,"2,368 / sq ft"
OWNER,3 BHK Apartment, 44 L,Chandanagar,1240 ,Under Construction,"3,548 / sq ft"
OWNER,3 BHK Apartment, 44 L,Chandanagar,1240 ,Under Construction,"3,548 / sq ft"
OWNER,3 BHK Apartment, 44 L,Chandanagar,1240 ,Under Construction,"3,548 / sq ft"
OWNER,3 BHK Apartment, 44 L,Chandanagar,1240 ,Under Construction,"3,548 / sq ft"
OWNER,3 BHK Apartment, 44 L,Chandanagar,1240 ,Under Construction,"3,548 / sq ft"
OWNER,2 BHK Apartment, 38 L,Chandanagar Vill,1040 ,Under Construction,"3,653 / sq ft"
OWNER,2 BHK Apartment, 38 L,Chandanagar Vill,1040 ,Under Construction,"3,653 / sq ft"
OWNER,2 BHK Apartment, 38 L,Chandanagar Vill,1040 ,Under Construction,"3,653 / sq ft"
OWNER,2 BHK Apartment, 38 L,Chandanagar Vill,1040 ,Under Construction,"3,653 / sq ft"
OWNER,2 BHK Apartment, 38 L,Chandanagar Vill,1040 ,Under Construction,"3,653 / sq ft"
OWNER,2 BHK Apartment, 38 L,Chandanagar Vill,1040 ,Under Construction,"3,653 / sq ft"
OWNER,2 BHK Apartment, 26 L,muthangi,1150 ,Under Construction,"2,260 / sq ft"
OWNER,2 BHK Apartment, 26 L,muthangi,1150 ,Under Construction,"2,260 / sq ft"
OWNER,2 BHK Apartment, 26 L,muthangi,1150 ,Under Construction,"2,260 / sq ft"
OWNER,2 BHK Apartment, 35 L,muthangi,1560 ,Under Construction,"2,243 / sq ft"
OWNER,2 BHK Apartment, 35 L,muthangi,1560 ,Under Construction,"2,243 / sq ft"
OWNER,2 BHK Apartment, 35 L,muthangi,1560 ,Under Construction,"2,243 / sq ft"
OWNER,2 BHK Apartment, 35 L,muthangi,1560 ,Under Construction,"2,243 / sq ft"
OWNER,3 BHK Apartment, 44 L,Chandanagar,1260 ,Under Construction,"3,492 / sq ft"
OWNER,2 BHK Apartment in Lunar Gardenia, 70 L,Manikonda,1300 ,Ready to move,"5,384 / sq ft"
OWNER,2 BHK Apartment in Lunar Gardenia, 70 L,Manikonda,1300 ,Ready to move,"5,384 / sq ft"
OWNER,2 BHK Apartment in Lunar Gardenia, 70 L,Manikonda,1300 ,Ready to move,"5,384 / sq ft"
OWNER,3 BHK Apartment, 59 L,Nizampet,1705 ,Ready to move,"3,460 / sq ft"
OWNER,3 BHK Apartment, 59 L,Nizampet,1705 ,Ready to move,"3,460 / sq ft"
OWNER,2 BHK Apartment, 38 L,Miyapur,1060 ,Under Construction,"3,584 / sq ft"
OWNER,2 BHK Apartment, 38 L,Miyapur,1040 ,Under Construction,"3,653 / sq ft"
OWNER,2 BHK Apartment, 38 L,Miyapur,1060 ,Under Construction,"3,584 / sq ft"
OWNER,2 BHK Apartment, 38 L,Miyapur,1060 ,Under Construction,"3,584 / sq ft"
OWNER,3 BHK Apartment, 37 L,Chandanagar,1040 ,Under Construction,"3,557 / sq ft"
OWNER,2 BHK Apartment, 38 L,Miyapur,1040 ,Under Construction,"3,653 / sq ft"
OWNER,2 BHK Apartment, 38 L,Miyapur,1040 ,Under Construction,"3,653 / sq ft"
OWNER,2 BHK Apartment, 38 L,Miyapur,1060 ,Under Construction,"3,584 / sq ft"
OWNER,2 BHK Apartment, 38 L,Miyapur,1040 ,Under Construction,"3,653 / sq ft"
OWNER,2 BHK Apartment, 38 L,Miyapur,1040 ,Under Construction,"3,653 / sq ft"
OWNER,2 BHK Apartment, 38 L,Miyapur,1060 ,Under Construction,"3,584 / sq ft"
OWNER,2 BHK Apartment, 38 L,Miyapur,1040 ,Under Construction,"3,653 / sq ft"
OWNER,2 BHK Apartment, 38 L,Miyapur,1060 ,Under Construction,"3,584 / sq ft"
OWNER,2 BHK Apartment, 38 L,Miyapur,1040 ,Under Construction,"3,653 / sq ft"
OWNER,2 BHK Apartment, 38 L,Miyapur,1040 ,Under Construction,"3,653 / sq ft"
OWNER,2 BHK Apartment, 36 L,Miyapur,1020 ,Under Construction,"3,529 / sq ft"
OWNER,3 BHK Apartment, 44 L,Chandanagar,1240 ,Under Construction,"3,548 / sq ft"
OWNER,2 BHK Apartment, 36 L,Miyapur,1020 ,Under Construction,"3,529 / sq ft"
OWNER,3 BHK Apartment, 37 L,Chandanagar,1040 ,Under Construction,"3,557 / sq ft"
OWNER,2 BHK Apartment, 36 L,Miyapur,1020 ,Under Construction,"3,529 / sq ft"
OWNER,2 BHK Apartment, 36 L,Miyapur,1020 ,Under Construction,"3,529 / sq ft"
OWNER,2 BHK Apartment, 36 L,Miyapur,1020 ,Under Construction,"3,529 / sq ft"
OWNER,3 BHK Apartment, 37 L,Chandanagar,1040 ,Under Construction,"3,557 / sq ft"
OWNER,2 BHK Apartment, 38 L,Miyapur,1060 ,Under Construction,"3,584 / sq ft"
OWNER,3 BHK Apartment, 37 L,Chandanagar,1040 ,Under Construction,"3,557 / sq ft"
OWNER,3 BHK Apartment, 37 L,Chandanagar,1040 ,Under Construction,"3,557 / sq ft"
OWNER,3 BHK Apartment, 37 L,Chandanagar,1040 ,Under Construction,"3,557 / sq ft"
OWNER,2 BHK Apartment, 36 L,Miyapur,1020 ,Under Construction,"3,529 / sq ft"
OWNER,3 BHK Apartment, 37 L,Chandanagar,1040 ,Under Construction,"3,557 / sq ft"
OWNER,2 BHK Apartment, 38 L,Miyapur,1060 ,Under Construction,"3,584 / sq ft"
OWNER,2 BHK Apartment, 36 L,Miyapur,1020 ,Under Construction,"3,529 / sq ft"
OWNER,2 BHK Apartment, 38 L,Miyapur,1060 ,Under Construction,"3,584 / sq ft"
OWNER,2 BHK Apartment, 38 L,Miyapur,1060 ,Under Construction,"3,584 / sq ft"
OWNER,2 BHK Apartment, 38 L,Miyapur,1040 ,Under Construction,"3,653 / sq ft"
OWNER,2 BHK Apartment, 38 L,Miyapur,1040 ,Under Construction,"3,653 / sq ft"
OWNER,2 BHK Apartment, 38 L,Miyapur,1040 ,Under Construction,"3,653 / sq ft"
OWNER,2 BHK Apartment, 38 L,Miyapur,1040 ,Under Construction,"3,653 / sq ft"
OWNER,2 BHK Apartment, 38 L,Miyapur,1040 ,Under Construction,"3,653 / sq ft"
OWNER,3 BHK Apartment, 37 L,Chandanagar,1040 ,Under Construction,"3,557 / sq ft"
OWNER,2 BHK Apartment, 38 L,Miyapur,1040 ,Under Construction,"3,653 / sq ft"
OWNER,3 BHK Apartment, 37 L,Chandanagar,1040 ,Under Construction,"3,557 / sq ft"
OWNER,3 BHK Apartment, 37 L,Chandanagar,1040 ,Under Construction,"3,557 / sq ft"
OWNER,3 BHK Apartment, 37 L,Chandanagar,1040 ,Under Construction,"3,557 / sq ft"
OWNER,3 BHK Apartment, 44 L,Chandanagar,1240 ,Under Construction,"3,548 / sq ft"
OWNER,3 BHK Apartment, 44 L,Chandanagar,1240 ,Under Construction,"3,548 / sq ft"
OWNER,3 BHK Apartment, 44 L,Chandanagar,1240 ,Under Construction,"3,548 / sq ft"
OWNER,3 BHK Apartment, 37 L,Chandanagar,1040 ,Under Construction,"3,557 / sq ft"
OWNER,3 BHK Apartment, 44 L,Chandanagar,1240 ,Under Construction,"3,548 / sq ft"
OWNER,3 BHK Apartment, 44 L,Chandanagar,1240 ,Under Construction,"3,548 / sq ft"
OWNER,2 BHK Apartment, 36 L,Miyapur,1020 ,Under Construction,"3,529 / sq ft"
OWNER,2 BHK Apartment, 36 L,Miyapur,1020 ,Under Construction,"3,529 / sq ft"
OWNER,3 BHK Apartment, 44 L,Chandanagar,1240 ,Under Construction,"3,548 / sq ft"
OWNER,2 BHK Apartment, 36 L,Miyapur,1020 ,Under Construction,"3,529 / sq ft"
OWNER,3 BHK Apartment, 37 L,Chandanagar,1040 ,Under Construction,"3,557 / sq ft"
OWNER,2 BHK Apartment, 36 L,Miyapur,1020 ,Under Construction,"3,529 / sq ft"
OWNER,2 BHK Apartment, 36 L,Miyapur,1020 ,Under Construction,"3,529 / sq ft"
OWNER,2 BHK Apartment, 36 L,Miyapur,1020 ,Under Construction,"3,529 / sq ft"
OWNER,3 BHK Apartment, 37 L,Chandanagar,1040 ,Under Construction,"3,557 / sq ft"
OWNER,2 BHK Apartment, 38 L,Miyapur,1060 ,Under Construction,"3,584 / sq ft"
OWNER,3 BHK Apartment, 37 L,Chandanagar,1040 ,Under Construction,"3,557 / sq ft"
OWNER,3 BHK Apartment, 37 L,Chandanagar,1040 ,Under Construction,"3,557 / sq ft"
OWNER,3 BHK Apartment, 37 L,Chandanagar,1040 ,Under Construction,"3,557 / sq ft"
OWNER,2 BHK Apartment, 36 L,Miyapur,1020 ,Under Construction,"3,529 / sq ft"
OWNER,3 BHK Apartment, 37 L,Chandanagar,1040 ,Under Construction,"3,557 / sq ft"
OWNER,2 BHK Apartment, 38 L,Miyapur,1060 ,Under Construction,"3,584 / sq ft"
OWNER,2 BHK Apartment, 36 L,Miyapur,1020 ,Under Construction,"3,529 / sq ft"
OWNER,2 BHK Apartment, 38 L,Miyapur,1060 ,Under Construction,"3,584 / sq ft"
OWNER,2 BHK Apartment, 38 L,Miyapur,1060 ,Under Construction,"3,584 / sq ft"
OWNER,2 BHK Apartment, 38 L,Miyapur,1040 ,Under Construction,"3,653 / sq ft"
OWNER,2 BHK Apartment, 38 L,Miyapur,1040 ,Under Construction,"3,653 / sq ft"
OWNER,3 BHK Apartment, 44 L,Chandanagar,1240 ,Under Construction,"3,548 / sq ft"
OWNER,3 BHK Apartment, 44 L,Chandanagar,1240 ,Under Construction,"3,548 / sq ft"
OWNER,2 BHK Apartment, 36 L,Miyapur,1020 ,Under Construction,"3,529 / sq ft"
OWNER,2 BHK Apartment, 36 L,Miyapur,1020 ,Under Construction,"3,529 / sq ft"
OWNER,2 BHK Apartment, 36 L,Miyapur,1020 ,Under Construction,"3,529 / sq ft"
OWNER,2 BHK Apartment, 36 L,Miyapur,1020 ,Under Construction,"3,529 / sq ft"
OWNER,2 BHK Apartment, 36 L,Miyapur,1020 ,Under Construction,"3,529 / sq ft"
OWNER,3 BHK Apartment, 44 L,Chandanagar,1240 ,Under Construction,"3,548 / sq ft"
OWNER,3 BHK Apartment, 44 L,Chandanagar,1240 ,Under Construction,"3,548 / sq ft"
OWNER,3 BHK Apartment, 44 L,Chandanagar,1240 ,Under Construction,"3,548 / sq ft"
OWNER,3 BHK Apartment, 44 L,Chandanagar,1240 ,Under Construction,"3,548 / sq ft"
OWNER,3 BHK Apartment, 44 L,Chandanagar,1260 ,Under Construction,"3,492 / sq ft"
OWNER,2 BHK Apartment in Lunar Gardenia, 70 L,Manikonda,1300 ,Ready to move,"5,384 / sq ft"
OWNER,2 BHK Apartment in Lunar Gardenia, 70 L,Manikonda,1300 ,Ready to move,"5,384 / sq ft"
OWNER,2 BHK Apartment in Lunar Gardenia, 70 L,Manikonda,1300 ,Ready to move,"5,384 / sq ft"
OWNER,3 BHK Apartment, 59 L,Nizampet,1705 ,Ready to move,"3,460 / sq ft"
OWNER,3 BHK Apartment, 59 L,Nizampet,1705 ,Ready to move,"3,460 / sq ft"
OWNER,3 BHK Apartment, 44 L,Chandanagar,1260 ,Under Construction,"3,492 / sq ft"
OWNER,3 BHK Apartment, 44 L,Chandanagar,1260 ,Under Construction,"3,492 / sq ft"
OWNER,3 BHK Apartment, 44 L,Chandanagar,1260 ,Under Construction,"3,492 / sq ft"
OWNER,2 BHK Apartment in Lunar Gardenia, 70 L,Manikonda,1300 ,Ready to move,"5,384 / sq ft"
OWNER,2 BHK Apartment in Lunar Gardenia, 70 L,Manikonda,1300 ,Ready to move,"5,384 / sq ft"
OWNER,2 BHK Apartment in Lunar Gardenia, 70 L,Manikonda,1300 ,Ready to move,"5,384 / sq ft"
OWNER,Residential Plot, 11.26 L,Shadnagar,1314 ,Resale,856 / sq ft
OWNER,Residential Plot, 11.26 L,Shadnagar,1314 ,Resale,856 / sq ft
OWNER,Residential Plot, 11.26 L,Shadnagar,1314 ,Resale,856 / sq ft
OWNER,Residential Plot, 11.26 L,Shadnagar,1314 ,Resale,856 / sq ft
OWNER,Residential Plot, 11.26 L,Shadnagar,1314 ,Resale,856 / sq ft
OWNER,Residential Plot, 11.26 L,Shadnagar,1314 ,Resale,856 / sq ft
OWNER,Residential Plot, 11.26 L,Shadnagar,1314 ,Resale,856 / sq ft
OWNER,2 BHK Apartment, 36 L,muthangi,1570 ,Under Construction,"2,292 / sq ft"
OWNER,3 BHK Apartment, 36 L,muthangi,1570 ,Under Construction,"2,292 / sq ft"
OWNER,2 BHK Apartment, 26 L,muthangi,1530 ,Under Construction,"1,699 / sq ft"
OWNER,2 BHK Apartment, 26 L,muthangi,1530 ,Under Construction,"1,699 / sq ft"
OWNER,2 BHK Apartment, 26 L,muthangi,1530 ,Under Construction,"1,699 / sq ft"
OWNER,2 BHK Apartment, 26 L,muthangi,1170 ,Under Construction,"2,222 / sq ft"
OWNER,2 BHK Apartment, 26 L,muthangi,1530 ,Under Construction,"1,699 / sq ft"
OWNER,2 BHK Apartment, 36 L,muthangi,1570 ,Under Construction,"2,292 / sq ft"
OWNER,2 BHK Apartment, 36 L,muthangi,1570 ,Under Construction,"2,292 / sq ft"
OWNER,2 BHK Apartment, 36 L,muthangi,1570 ,Under Construction,"2,292 / sq ft"
OWNER,2 BHK Apartment, 36 L,muthangi,1570 ,Under Construction,"2,292 / sq ft"
OWNER,2 BHK Apartment, 36 L,muthangi,1570 ,Under Construction,"2,292 / sq ft"
OWNER,3 BHK Apartment, 36 L,muthangi,1560 ,Under Construction,"2,307 / sq ft"
OWNER,3 BHK Apartment, 36 L,muthangi,1570 ,Under Construction,"2,292 / sq ft"
OWNER,2 BHK Apartment, 26 L,muthangi,1160 ,Under Construction,"2,241 / sq ft"
OWNER,2 BHK Apartment, 36 L,muthangi,1570 ,Under Construction,"2,292 / sq ft"
OWNER,2 BHK Apartment, 26 L,muthangi,1160 ,Under Construction,"2,241 / sq ft"
OWNER,3 BHK Apartment, 36 L,muthangi,1570 ,Under Construction,"2,292 / sq ft"
OWNER,2 BHK Apartment, 26 L,muthangi,1170 ,Under Construction,"2,222 / sq ft"
OWNER,2 BHK Apartment, 36 L,muthangi,1570 ,Under Construction,"2,292 / sq ft"
OWNER,2 BHK Apartment, 26 L,muthangi,1160 ,Under Construction,"2,241 / sq ft"
OWNER,2 BHK Apartment, 26 L,muthangi,1160 ,Under Construction,"2,241 / sq ft"
OWNER,2 BHK Apartment, 26 L,muthangi,1170 ,Under Construction,"2,222 / sq ft"
OWNER,3 BHK Apartment, 36 L,muthangi,1570 ,Under Construction,"2,292 / sq ft"
OWNER,2 BHK Apartment, 26 L,muthangi,1160 ,Under Construction,"2,241 / sq ft"
OWNER,2 BHK Apartment, 26 L,muthangi,1170 ,Under Construction,"2,222 / sq ft"
OWNER,2 BHK Apartment, 26 L,muthangi,1160 ,Under Construction,"2,241 / sq ft"
OWNER,2 BHK Apartment, 26 L,muthangi,1160 ,Under Construction,"2,241 / sq ft"
OWNER,2 BHK Apartment, 26 L,muthangi,1160 ,Under Construction,"2,241 / sq ft"
OWNER,2 BHK Apartment, 26 L,muthangi,1160 ,Under Construction,"2,241 / sq ft"
OWNER,2 BHK Apartment, 36 L,muthangi,1570 ,Under Construction,"2,292 / sq ft"
OWNER,2 BHK Apartment, 36 L,muthangi,1570 ,Under Construction,"2,292 / sq ft"
OWNER,3 BHK Apartment, 36 L,muthangi,1560 ,Under Construction,"2,307 / sq ft"
OWNER,3 BHK Apartment, 36 L,muthangi,1570 ,Under Construction,"2,292 / sq ft"
OWNER,2 BHK Apartment, 26 L,muthangi,1160 ,Under Construction,"2,241 / sq ft"
OWNER,2 BHK Apartment, 36 L,muthangi,1570 ,Under Construction,"2,292 / sq ft"
OWNER,2 BHK Apartment, 26 L,muthangi,1160 ,Under Construction,"2,241 / sq ft"
OWNER,3 BHK Apartment, 36 L,muthangi,1570 ,Under Construction,"2,292 / sq ft"
OWNER,2 BHK Apartment, 26 L,muthangi,1170 ,Under Construction,"2,222 / sq ft"
OWNER,2 BHK Apartment, 36 L,muthangi,1570 ,Under Construction,"2,292 / sq ft"
OWNER,2 BHK Apartment, 26 L,muthangi,1160 ,Under Construction,"2,241 / sq ft"
OWNER,2 BHK Apartment, 26 L,muthangi,1160 ,Under Construction,"2,241 / sq ft"
OWNER,2 BHK Apartment, 26 L,muthangi,1170 ,Under Construction,"2,222 / sq ft"
OWNER,3 BHK Apartment, 36 L,muthangi,1570 ,Under Construction,"2,292 / sq ft"
OWNER,2 BHK Apartment, 26 L,muthangi,1160 ,Under Construction,"2,241 / sq ft"
OWNER,2 BHK Apartment, 26 L,muthangi,1170 ,Under Construction,"2,222 / sq ft"
OWNER,2 BHK Apartment, 26 L,muthangi,1160 ,Under Construction,"2,241 / sq ft"
OWNER,2 BHK Apartment, 26 L,muthangi,1160 ,Under Construction,"2,241 / sq ft"
OWNER,2 BHK Apartment, 26 L,muthangi,1160 ,Under Construction,"2,241 / sq ft"
OWNER,2 BHK Apartment, 26 L,muthangi,1160 ,Under Construction,"2,241 / sq ft"
OWNER,2 BHK Apartment, 26 L,muthangi,1160 ,Under Construction,"2,241 / sq ft"
OWNER,2 BHK Apartment, 26 L,muthangi,1160 ,Under Construction,"2,241 / sq ft"
OWNER,2 BHK Apartment, 26 L,muthangi,1500 ,Under Construction,"1,733 / sq ft"
OWNER,2 BHK Apartment, 26 L,muthangi,1500 ,Under Construction,"1,733 / sq ft"
OWNER,2 BHK Apartment, 26 L,muthangi,1500 ,Under Construction,"1,733 / sq ft"
OWNER,2 BHK Apartment, 26 L,muthangi,1500 ,Under Construction,"1,733 / sq ft"
OWNER,2 BHK Apartment, 26 L,muthangi,1500 ,Under Construction,"1,733 / sq ft"
OWNER,2 BHK Apartment, 26 L,muthangi,1500 ,Under Construction,"1,733 / sq ft"
OWNER,2 BHK Apartment, 26 L,muthangi,1530 ,Under Construction,"1,699 / sq ft"
OWNER,2 BHK Apartment, 35.7 L,Miyapur,1020 ,Under Construction,"3,500 / sq ft"
OWNER,2 BHK Apartment, 35.7 L,Miyapur,1020 ,Under Construction,"3,500 / sq ft"
OWNER,2 BHK Apartment, 26 L,muthangi,1530 ,Under Construction,"1,699 / sq ft"
OWNER,2 BHK Apartment, 35.7 L,Miyapur,1020 ,Under Construction,"3,500 / sq ft"
OWNER,3 BHK Apartment, 36 L,muthangi,1560 ,Under Construction,"2,307 / sq ft"
OWNER,2 BHK Apartment, 26 L,muthangi,1160 ,Under Construction,"2,241 / sq ft"
OWNER,2 BHK Apartment, 26 L,muthangi,1170 ,Under Construction,"2,222 / sq ft"
OWNER,2 BHK Apartment, 26 L,muthangi,1530 ,Under Construction,"1,699 / sq ft"
OWNER,2 BHK Apartment, 36 L,muthangi,1570 ,Under Construction,"2,292 / sq ft"
OWNER,2 BHK Apartment, 26 L,muthangi,1530 ,Under Construction,"1,699 / sq ft"
OWNER,3 BHK Apartment, 36 L,muthangi,1570 ,Under Construction,"2,292 / sq ft"
OWNER,2 BHK Apartment, 26 L,muthangi,1160 ,Under Construction,"2,241 / sq ft"
OWNER,2 BHK Apartment, 26 L,muthangi,1500 ,Under Construction,"1,733 / sq ft"
OWNER,2 BHK Apartment, 26 L,muthangi,1500 ,Under Construction,"1,733 / sq ft"
OWNER,3 BHK Apartment, 36 L,muthangi,1560 ,Under Construction,"2,307 / sq ft"
OWNER,3 BHK Apartment, 36 L,muthangi,1560 ,Under Construction,"2,307 / sq ft"
OWNER,2 BHK Apartment, 26 L,muthangi,1500 ,Under Construction,"1,733 / sq ft"
OWNER,2 BHK Apartment, 26 L,muthangi,1160 ,Under Construction,"2,241 / sq ft"
OWNER,2 BHK Apartment, 26 L,muthangi,1500 ,Under Construction,"1,733 / sq ft"
OWNER,2 BHK Apartment, 26 L,muthangi,1500 ,Under Construction,"1,733 / sq ft"
OWNER,3 BHK Apartment, 36 L,muthangi,1560 ,Under Construction,"2,307 / sq ft"
OWNER,2 BHK Apartment, 26 L,muthangi,1160 ,Under Construction,"2,241 / sq ft"
OWNER,3 BHK Apartment, 43.4 L,Miyapur,1240 ,Under Construction,"3,500 / sq ft"
OWNER,3 BHK Apartment, 43.4 L,Miyapur,1240 ,Under Construction,"3,500 / sq ft"
OWNER,3 BHK Apartment, 43.4 L,Miyapur,1240 ,Under Construction,"3,500 / sq ft"
OWNER,3 BHK Apartment, 43.4 L,Miyapur,1240 ,Under Construction,"3,500 / sq ft"
OWNER,3 BHK Apartment, 43.4 L,Miyapur,1240 ,Under Construction,"3,500 / sq ft"
OWNER,2 BHK Apartment, 26 L,muthangi,1530 ,Under Construction,"1,699 / sq ft"
OWNER,2 BHK Apartment, 35.7 L,Miyapur,1020 ,Under Construction,"3,500 / sq ft"
OWNER,2 BHK Apartment, 26 L,muthangi,1530 ,Under Construction,"1,699 / sq ft"
OWNER,2 BHK Apartment, 35.7 L,Miyapur,1020 ,Under Construction,"3,500 / sq ft"
OWNER,3 BHK Apartment, 43.4 L,Miyapur,1240 ,Under Construction,"3,500 / sq ft"
OWNER,2 BHK Apartment, 35.7 L,Miyapur,1020 ,Under Construction,"3,500 / sq ft"
OWNER,3 BHK Apartment, 43.4 L,Miyapur,1240 ,Under Construction,"3,500 / sq ft"
OWNER,2 BHK Apartment, 26 L,muthangi,1160 ,Under Construction,"2,241 / sq ft"
OWNER,2 BHK Apartment, 35.7 L,Miyapur,1020 ,Under Construction,"3,500 / sq ft"
OWNER,3 BHK Apartment, 36 L,muthangi,1560 ,Under Construction,"2,307 / sq ft"
OWNER,3 BHK Apartment, 36 L,muthangi,1560 ,Under Construction,"2,307 / sq ft"
OWNER,2 BHK Apartment, 26 L,muthangi,1160 ,Under Construction,"2,241 / sq ft"
OWNER,2 BHK Apartment, 26 L,muthangi,1160 ,Under Construction,"2,241 / sq ft"
OWNER,3 BHK Apartment, 36 L,muthangi,1560 ,Under Construction,"2,307 / sq ft"
OWNER,3 BHK Apartment, 36 L,muthangi,1560 ,Under Construction,"2,307 / sq ft"
OWNER,2 BHK Apartment, 35.7 L,Miyapur,1020 ,Under Construction,"3,500 / sq ft"
OWNER,2 BHK Apartment, 36 L,muthangi,1570 ,Under Construction,"2,292 / sq ft"
OWNER,2 BHK Apartment, 26 L,muthangi,1500 ,Under Construction,"1,733 / sq ft"
OWNER,2 BHK Apartment, 26 L,muthangi,1160 ,Under Construction,"2,241 / sq ft"
OWNER,3 BHK Apartment, 36 L,muthangi,1560 ,Under Construction,"2,307 / sq ft"
OWNER,2 BHK Apartment, 35.7 L,Miyapur,1020 ,Under Construction,"3,500 / sq ft"
OWNER,2 BHK Apartment, 26 L,muthangi,1160 ,Under Construction,"2,241 / sq ft"
OWNER,2 BHK Apartment, 35.7 L,Miyapur,1020 ,Under Construction,"3,500 / sq ft"
OWNER,2 BHK Apartment, 35.7 L,Miyapur,1020 ,Under Construction,"3,500 / sq ft"
OWNER,2 BHK Apartment, 26 L,muthangi,1500 ,Under Construction,"1,733 / sq ft"
OWNER,2 BHK Apartment, 26 L,muthangi,1500 ,Under Construction,"1,733 / sq ft"
OWNER,3 BHK Apartment, 36 L,muthangi,1560 ,Under Construction,"2,307 / sq ft"
OWNER,3 BHK Apartment, 36 L,muthangi,1560 ,Under Construction,"2,307 / sq ft"
OWNER,2 BHK Apartment, 26 L,muthangi,1500 ,Under Construction,"1,733 / sq ft"
OWNER,2 BHK Apartment, 26 L,muthangi,1160 ,Under Construction,"2,241 / sq ft"
OWNER,2 BHK Apartment, 26 L,muthangi,1500 ,Under Construction,"1,733 / sq ft"
OWNER,2 BHK Apartment, 26 L,muthangi,1500 ,Under Construction,"1,733 / sq ft"
OWNER,3 BHK Apartment, 36 L,muthangi,1560 ,Under Construction,"2,307 / sq ft"
OWNER,2 BHK Apartment, 26 L,muthangi,1160 ,Under Construction,"2,241 / sq ft"
OWNER,3 BHK Apartment, 43.4 L,Miyapur,1240 ,Under Construction,"3,500 / sq ft"
OWNER,3 BHK Apartment, 43.4 L,Miyapur,1240 ,Under Construction,"3,500 / sq ft"
OWNER,3 BHK Apartment, 43.4 L,Miyapur,1240 ,Under Construction,"3,500 / sq ft"
OWNER,3 BHK Apartment, 43.4 L,Miyapur,1240 ,Under Construction,"3,500 / sq ft"
OWNER,3 BHK Apartment, 43.4 L,Miyapur,1240 ,Under Construction,"3,500 / sq ft"
OWNER,2 BHK Apartment, 26 L,muthangi,1530 ,Under Construction,"1,699 / sq ft"
OWNER,2 BHK Apartment, 35.7 L,Miyapur,1020 ,Under Construction,"3,500 / sq ft"
OWNER,2 BHK Apartment, 26 L,muthangi,1530 ,Under Construction,"1,699 / sq ft"
OWNER,2 BHK Apartment, 35.7 L,Miyapur,1020 ,Under Construction,"3,500 / sq ft"
OWNER,3 BHK Villa, 1.31 Cr,AS Rao Nagar,3000 ,Ready to move,"4,366 / sq ft"
OWNER,3 BHK Villa, 1.31 Cr,AS Rao Nagar,3000 ,Ready to move,"4,366 / sq ft"
OWNER,3 BHK Villa, 1.31 Cr,AS Rao Nagar,3000 ,Ready to move,"4,366 / sq ft"
OWNER,3 BHK Villa, 1.31 Cr,AS Rao Nagar,3000 ,Ready to move,"4,366 / sq ft"
OWNER,3 BHK Villa, 1.19 Cr,AS Rao Nagar,3000 ,Ready to move,"3,966 / sq ft"
OWNER,3 BHK Villa, 1.31 Cr,AS Rao Nagar,3000 ,Ready to move,"4,366 / sq ft"
OWNER,2 BHK Independent House, 60 L,Pasumamula,1300 ,Under Construction,"4,615 / sq ft"
OWNER,2 BHK Independent House, 60 L,Pasumamula,1300 ,Under Construction,"4,615 / sq ft"
OWNER,2 BHK Independent House, 60 L,Pasumamula,1300 ,Under Construction,"4,615 / sq ft"
OWNER,2 BHK Independent House, 60 L,Pasumamula,1300 ,Under Construction,"4,615 / sq ft"
OWNER,2 BHK Independent House, 60 L,Pasumamula,1300 ,Under Construction,"4,615 / sq ft"
OWNER,2 BHK Independent House, 60 L,Pasumamula,1300 ,Under Construction,"4,615 / sq ft"
OWNER,2 BHK Independent House, 60 L,Pasumamula,1300 ,Under Construction,"4,615 / sq ft"
OWNER,3 BHK Independent House, 45 L,Kishan Bagh,900 ,Ready to move,"5,000 / sq ft"
OWNER,4 BHK Villa, 1 Cr,Kondakal,1800 ,Under Construction,"5,555 / sq ft"
OWNER,4 BHK Villa, 1 Cr,Kondakal,1800 ,Under Construction,"5,555 / sq ft"
OWNER,2 BHK Apartment, 32 L,Meerpet,870 ,Ready to move,"3,678 / sq ft"
OWNER,3 BHK Apartment in Vajra Jasmine County, 1.66 Cr,Nanakramguda,1870 ,Ready to move,"8,877 / sq ft"
OWNER,2 BHK Apartment in Swaraj Homes Mannat Manzil, 26 L,Manikonda,700 ,Ready to move,"3,714 / sq ft"
OWNER,2 BHK Independent House, 62 L,Chengicherla,1197 ,Ready to move,"5,179 / sq ft"
OWNER,2 BHK Apartment, 26 L,muthangi,1170 ,Under Construction,"2,222 / sq ft"
OWNER,3 BHK Apartment, 35 L,muthangi,1595 ,Under Construction,"2,194 / sq ft"
OWNER,3 BHK Apartment, 35 L,muthangi,1595 ,Under Construction,"2,194 / sq ft"
OWNER,2 BHK Apartment, 32 L,Jeedimetla,864 ,Ready to move,"3,703 / sq ft"
OWNER,2 BHK Apartment, 32 L,Jeedimetla,864 ,Ready to move,"3,703 / sq ft"
OWNER,2 BHK Apartment, 26 L,muthangi,1170 ,Under Construction,"2,222 / sq ft"
OWNER,2 BHK Apartment, 26 L,muthangi,1170 ,Under Construction,"2,222 / sq ft"
OWNER,2 BHK Apartment, 26 L,muthangi,1170 ,Under Construction,"2,222 / sq ft"
OWNER,2 BHK Apartment, 26 L,muthangi,1170 ,Under Construction,"2,222 / sq ft"
OWNER,3 BHK Apartment, 35 L,muthangi,1595 ,Under Construction,"2,194 / sq ft"
OWNER,3 BHK Apartment, 35 L,muthangi,1595 ,Under Construction,"2,194 / sq ft"
OWNER,3 BHK Apartment, 35 L,muthangi,1595 ,Under Construction,"2,194 / sq ft"
OWNER,3 BHK Apartment, 35 L,muthangi,1595 ,Under Construction,"2,194 / sq ft"
OWNER,2 BHK Apartment, 26 L,muthangi,1170 ,Under Construction,"2,222 / sq ft"
OWNER,2 BHK Apartment, 26 L,muthangi,1170 ,Under Construction,"2,222 / sq ft"
OWNER,2 BHK Apartment, 26 L,muthangi,1170 ,Under Construction,"2,222 / sq ft"
OWNER,3 BHK Apartment, 35 L,muthangi,1595 ,Under Construction,"2,194 / sq ft"
OWNER,3 BHK Apartment, 35 L,muthangi,1595 ,Under Construction,"2,194 / sq ft"
OWNER,2 BHK Apartment, 26 L,muthangi,1170 ,Under Construction,"2,222 / sq ft"
OWNER,3 BHK Apartment, 35 L,muthangi,1595 ,Under Construction,"2,194 / sq ft"
OWNER,3 BHK Apartment, 35 L,muthangi,1595 ,Under Construction,"2,194 / sq ft"
OWNER,2 BHK Apartment, 26 L,muthangi,1170 ,Under Construction,"2,222 / sq ft"
OWNER,2 BHK Apartment, 26 L,muthangi,1170 ,Under Construction,"2,222 / sq ft"
OWNER,2 BHK Apartment, 26 L,muthangi,1170 ,Under Construction,"2,222 / sq ft"
OWNER,3 BHK Apartment, 35 L,muthangi,1595 ,Under Construction,"2,194 / sq ft"
OWNER,3 BHK Apartment, 35 L,muthangi,1595 ,Under Construction,"2,194 / sq ft"
OWNER,2 BHK Apartment, 26 L,muthangi,1170 ,Under Construction,"2,222 / sq ft"
OWNER,2 BHK Apartment, 26 L,muthangi,1170 ,Under Construction,"2,222 / sq ft"
OWNER,2 BHK Apartment, 26 L,muthangi,1170 ,Under Construction,"2,222 / sq ft"
OWNER,2 BHK Apartment, 65 L,Suchitra,1220 ,Ready to move,"5,327 / sq ft"
OWNER,2 BHK Apartment, 32 L,Jeedimetla,864 ,Ready to move,"3,703 / sq ft"
OWNER,Residential Plot in Sri Meenakshi Meenakshi County, 28 L,Shankarpalli,1500 ,Resale,"1,866 / sq ft"
OWNER,Residential Plot, 24 L,Desh Mukhi,1850 ,Resale,"1,297 / sq ft"
OWNER,2 BHK Apartment, 57 L,Alwal,1200 ,Ready to move,"4,750 / sq ft"
OWNER,3 BHK Independent Floor, 56 L,Vanasthalipuram,1310 ,Under Construction,"4,274 / sq ft"
OWNER,3 BHK Apartment, 54.44 L,Kompally,1945 ,Under Construction,"2,798 / sq ft"
OWNER,3 BHK Apartment, 54.44 L,Kompally,1945 ,Under Construction,"2,798 / sq ft"
OWNER,3 BHK Apartment, 54.44 L,Kompally,1945 ,Under Construction,"2,798 / sq ft"
OWNER,3 BHK Apartment, 54.44 L,Kompally,1945 ,Under Construction,"2,798 / sq ft"
OWNER,2 BHK Apartment in PVR Maha, 50 L,Shankarpalli,1182 ,Under Construction,"4,230 / sq ft"
OWNER,2 BHK Apartment in PVR Maha, 50 L,Shankarpalli,1182 ,Under Construction,"4,230 / sq ft"
OWNER,2 BHK Apartment in PVR Maha, 50 L,Shankarpalli,1182 ,Under Construction,"4,230 / sq ft"
OWNER,2 BHK Apartment in PVR Maha, 50 L,Shankarpalli,1182 ,Under Construction,"4,230 / sq ft"
OWNER,2 BHK Apartment in PVR Maha, 50 L,Shankarpalli,1182 ,Under Construction,"4,230 / sq ft"
OWNER,2 BHK Apartment in PVR Maha, 50 L,Shankarpalli,1182 ,Under Construction,"4,230 / sq ft"
OWNER,2 BHK Apartment in PVR Maha, 50 L,Shankarpalli,1182 ,Under Construction,"4,230 / sq ft"
OWNER,2 BHK Apartment in PVR Maha, 50 L,Shankarpalli,1182 ,Under Construction,"4,230 / sq ft"
OWNER,2 BHK Apartment in PVR Maha, 50 L,Shankarpalli,1182 ,Under Construction,"4,230 / sq ft"
OWNER,2 BHK Apartment in PVR Maha, 50 L,Shankarpalli,1182 ,Under Construction,"4,230 / sq ft"
OWNER,2 BHK Apartment in PVR Maha, 50 L,Shankarpalli,1182 ,Under Construction,"4,230 / sq ft"
OWNER,2 BHK Apartment in PVR Maha, 50 L,Shankarpalli,1182 ,Under Construction,"4,230 / sq ft"
OWNER,3 BHK Apartment, 69.7 L,Bachupally,1470 ,Ready to move,"4,741 / sq ft"
OWNER,3 BHK Apartment, 69.5 L,Bachupally,1470 ,Ready to move,"4,727 / sq ft"
OWNER,3 BHK Apartment, 54.44 L,Kompally,1945 ,Under Construction,"2,798 / sq ft"
OWNER,3 BHK Apartment, 54.44 L,Kompally,1945 ,Under Construction,"2,798 / sq ft"
OWNER,3 BHK Apartment, 54.44 L,Kompally,1945 ,Under Construction,"2,798 / sq ft"
OWNER,3 BHK Apartment, 54.44 L,Kompally,1945 ,Under Construction,"2,798 / sq ft"
OWNER,3 BHK Apartment, 54.44 L,Kompally,1945 ,Under Construction,"2,798 / sq ft"
OWNER,3 BHK Apartment, 54.44 L,Kompally,1945 ,Under Construction,"2,798 / sq ft"
OWNER,Residential Plot, 43 L,Gachibowli,450 ,Resale,"9,555 / sq ft"
OWNER,Residential Plot in Peram Aditya Aishwarya, 23 L,Shankarpalli,1530 ,Resale,"1,503 / sq ft"
OWNER,3 BHK Apartment, 90 L,East Marredpally,1525 ,Ready to move,"5,901 / sq ft"
OWNER,4 BHK Independent House, 90 L,Malkajgiri,2000 ,Under Construction,"4,500 / sq ft"
OWNER,Residential Plot, 6.57 L,Shadnagar,1314 ,Resale,500 / sq ft
OWNER,4 BHK Independent House in Dream City, 2.3 Cr,Balapur,2520 ,Ready to move,"9,126 / sq ft"
OWNER,2 BHK Apartment, 30 L,Bandlaguda Jagir,947 ,Ready to move,"3,167 / sq ft"
OWNER,2 BHK Apartment in PVR Kshetra, 52.96 L,Shankarpalli,1142 ,Under Construction,"4,637 / sq ft"
OWNER,2 BHK Apartment, 35 L,Pragathi Nagar Kukatpally,1200 ,Under Construction,"2,916 / sq ft"
OWNER,2 BHK Apartment in Aakriti Esta, 65 L,Tellapur,1228 ,Under Construction,"5,293 / sq ft"
OWNER,2 BHK Independent House, 1.05 Cr,Bandlaguda Jagir,1100 ,Ready to move,"9,545 / sq ft"
OWNER,2 BHK Independent House, 1.05 Cr,Bandlaguda Jagir,1100 ,Ready to move,"9,545 / sq ft"
OWNER,2 BHK Independent House, 1.05 Cr,Bandlaguda Jagir,1100 ,Ready to move,"9,545 / sq ft"
OWNER,2 BHK Independent House, 66 L,Pedda Amberpet,1120 ,Ready to move,"5,892 / sq ft"
OWNER,2 BHK Apartment in Ar Anmol Alpine Square, 51 L,Patancheru,1060 ,Under Construction,"4,811 / sq ft"
OWNER,2 BHK Apartment in Ar Anmol Alpine Square, 45 L,Patancheru,930 ,Under Construction,"4,838 / sq ft"
OWNER,2 BHK Apartment in Ar Anmol Alpine Square, 45 L,Patancheru,930 ,Under Construction,"4,838 / sq ft"
OWNER,2 BHK Apartment in Ar Anmol Alpine Square, 45 L,Patancheru,930 ,Under Construction,"4,838 / sq ft"
OWNER,2 BHK Apartment in Ar Anmol Alpine Square, 45 L,Patancheru,930 ,Under Construction,"4,838 / sq ft"
OWNER,2 BHK Apartment in Ar Anmol Alpine Square, 45 L,Patancheru,930 ,Under Construction,"4,838 / sq ft"
OWNER,2 BHK Apartment, 40 L,Sainikpuri,950 ,Ready to move,"4,210 / sq ft"
OWNER,2 BHK Apartment, 40 L,Sainikpuri,950 ,Ready to move,"4,210 / sq ft"
OWNER,2 BHK Apartment, 40 L,Sainikpuri,950 ,Ready to move,"4,210 / sq ft"
OWNER,6 BHK Independent House, 1.8 Cr,Kukatpally,3500 ,Ready to move,"5,142 / sq ft"
OWNER,6 BHK Independent House, 1.8 Cr,Kukatpally,3500 ,Ready to move,"5,142 / sq ft"
OWNER,6 BHK Independent House, 1.8 Cr,Kukatpally,3500 ,Ready to move,"5,142 / sq ft"
OWNER,6 BHK Independent House, 1.8 Cr,Kukatpally,3500 ,Ready to move,"5,142 / sq ft"
OWNER,6 BHK Independent House, 1.8 Cr,Kukatpally,3500 ,Ready to move,"5,142 / sq ft"
OWNER,6 BHK Independent House, 1.8 Cr,Kukatpally,3500 ,Ready to move,"5,142 / sq ft"
OWNER,6 BHK Independent House, 1.8 Cr,Kukatpally,3500 ,Ready to move,"5,142 / sq ft"
OWNER,6 BHK Independent House, 1.8 Cr,Kukatpally,3500 ,Ready to move,"5,142 / sq ft"
OWNER,6 BHK Independent House, 1.8 Cr,Kukatpally,3500 ,Ready to move,"5,142 / sq ft"
OWNER,6 BHK Independent House, 1.8 Cr,Kukatpally,3500 ,Ready to move,"5,142 / sq ft"
OWNER,6 BHK Independent House, 1.8 Cr,Kukatpally,3500 ,Ready to move,"5,142 / sq ft"
OWNER,6 BHK Independent House, 1.8 Cr,Kukatpally,3500 ,Ready to move,"5,142 / sq ft"
OWNER,6 BHK Independent House, 1.8 Cr,Kukatpally,3500 ,Ready to move,"5,142 / sq ft"
OWNER,6 BHK Independent House, 1.8 Cr,Kukatpally,3500 ,Ready to move,"5,142 / sq ft"
OWNER,6 BHK Independent House, 1.8 Cr,Kukatpally,3500 ,Ready to move,"5,142 / sq ft"
OWNER,6 BHK Independent House, 1.8 Cr,Kukatpally,3500 ,Ready to move,"5,142 / sq ft"
OWNER,6 BHK Independent House, 1.8 Cr,Kukatpally,3500 ,Ready to move,"5,142 / sq ft"
OWNER,2 BHK Apartment, 59.5 L,Moosarambagh Road,1090 ,Ready to move,"5,458 / sq ft"
OWNER,3 BHK Apartment, 40 L,Bhanur,1600 ,Under Construction,"2,500 / sq ft"
OWNER,3 BHK Apartment, 40 L,Bhanur,1600 ,Under Construction,"2,500 / sq ft"
OWNER,3 BHK Apartment, 40 L,Bhanur,1600 ,Under Construction,"2,500 / sq ft"
OWNER,2 BHK Villa, 1.5 Cr,Osman Nagar,1032 ,Ready to move,"14,534 / sq ft"
OWNER,2 BHK Villa, 1.5 Cr,Osman Nagar,1032 ,Ready to move,"14,534 / sq ft"
OWNER,2 BHK Villa, 1.5 Cr,Osman Nagar,1032 ,Ready to move,"14,534 / sq ft"
OWNER,Residential Plot, 20 L,Kothur Patti Digwal,1566 ,Resale,"1,277 / sq ft"
OWNER,Residential Plot, 20 L,Kothur Patti Digwal,1566 ,Resale,"1,277 / sq ft"
OWNER,Residential Plot, 20 L,Kothur Patti Digwal,1566 ,Resale,"1,277 / sq ft"
OWNER,Residential Plot, 20 L,Kothur Patti Digwal,1566 ,Resale,"1,277 / sq ft"
OWNER,Residential Plot, 20 L,Kothur Patti Digwal,1566 ,Resale,"1,277 / sq ft"
OWNER,Residential Plot, 36 L,Nagole,1800 ,Resale,"2,000 / sq ft"
OWNER,3 BHK Independent House, 84.5 L,Mettuguda,2325 ,Ready to move,"3,634 / sq ft"
OWNER,2 BHK Apartment, 35 L,Patancheru,1000 ,Under Construction,"3,500 / sq ft"
OWNER,Residential Plot in Peram Aditya Elina, 48 L,Bhanur,1800 ,Resale,"2,666 / sq ft"
OWNER,2 BHK Independent House, 58 L,Badangpet,990 ,Ready to move,"5,858 / sq ft"
OWNER,2 BHK Apartment, 30 L,Kollur,1250 ,Under Construction,"2,400 / sq ft"
OWNER,2 BHK Apartment, 44 L,Pragathi Nagar Kukatpally,1200 ,Under Construction,"3,666 / sq ft"
OWNER,2 BHK Apartment, 44 L,Pragathi Nagar Kukatpally,1200 ,Under Construction,"3,666 / sq ft"
OWNER,2 BHK Apartment, 44 L,Pragathi Nagar Kukatpally,1200 ,Under Construction,"3,666 / sq ft"
OWNER,2 BHK Apartment, 44 L,Pragathi Nagar Kukatpally,1200 ,Under Construction,"3,666 / sq ft"
OWNER,2 BHK Apartment, 44 L,Pragathi Nagar Kukatpally,1200 ,Under Construction,"3,666 / sq ft"
OWNER,Residential Plot, 30 L,Kothur,1575 ,Resale,"1,904 / sq ft"
OWNER,Residential Plot, 30 L,Kothur,1575 ,Resale,"1,904 / sq ft"
OWNER,2 BHK Apartment, 87 L,Kukatpally,1145 ,Ready to move,"7,598 / sq ft"
OWNER,3 BHK Apartment, 82 L,Kondapur,1515 ,Ready to move,"5,412 / sq ft"
OWNER,3 BHK Apartment, 82 L,Kondapur,1515 ,Ready to move,"5,412 / sq ft"
OWNER,3 BHK Apartment, 82 L,Kondapur,1515 ,Ready to move,"5,412 / sq ft"
OWNER,3 BHK Villa, 91 L,Bollaram,1900 ,Ready to move,"4,789 / sq ft"
OWNER,3 BHK Villa in Aparna Kanopy Lotus, 3 Cr,Kompally,2005 ,Ready to move,"14,962 / sq ft"
OWNER,2 BHK Apartment in SV Narayana Reddy Homes, 40 L,LB Nagar,750 ,Ready to move,"5,333 / sq ft"
OWNER,6 BHK Villa, 2.2 Cr,Mokila,4000 ,Under Construction,"5,500 / sq ft"
OWNER,6 BHK Villa, 2.2 Cr,Mokila,4000 ,Under Construction,"5,500 / sq ft"
OWNER,6 BHK Villa, 2.2 Cr,Mokila,4000 ,Under Construction,"5,500 / sq ft"
OWNER,6 BHK Villa, 2.2 Cr,Mokila,4000 ,Under Construction,"5,500 / sq ft"
OWNER,6 BHK Villa, 2.2 Cr,Mokila,4000 ,Under Construction,"5,500 / sq ft"
OWNER,2 BHK Apartment, 22 L,Shamirpet,1100 ,Ready to move,"2,000 / sq ft"
OWNER,2 BHK Apartment, 29.5 L,Pragathi Nagar Kukatpally,1040 ,Ready to move,"2,836 / sq ft"
OWNER,Residential Plot in Neemsboro PAMENA GREENS, 18.18 L,Chevella,2727 ,Resale,666 / sq ft
OWNER,Residential Plot in Neemsboro PAMENA GREENS, 18.18 L,Chevella,2727 ,Resale,666 / sq ft
OWNER,Residential Plot in Neemsboro PAMENA GREENS, 18.18 L,Chevella,2727 ,Resale,666 / sq ft
OWNER,Residential Plot in Neemsboro PAMENA GREENS, 18.18 L,Chevella,2727 ,Resale,666 / sq ft
OWNER,Residential Plot in Neemsboro PAMENA GREENS, 18.18 L,Chevella,2727 ,Resale,666 / sq ft
OWNER,Residential Plot in Neemsboro PAMENA GREENS, 18.18 L,Chevella,2727 ,Resale,666 / sq ft
OWNER,Residential Plot in Neemsboro PAMENA GREENS, 18.18 L,Chevella,2727 ,Resale,666 / sq ft
OWNER,Residential Plot in Neemsboro PAMENA GREENS, 18.18 L,Chevella,2727 ,Resale,666 / sq ft
OWNER,Residential Plot in Neemsboro PAMENA GREENS, 18.18 L,Chevella,2727 ,Resale,666 / sq ft
OWNER,Residential Plot in Neemsboro PAMENA GREENS, 18.18 L,Chevella,2727 ,Resale,666 / sq ft
OWNER,Residential Plot in Neemsboro PAMENA GREENS, 18.18 L,Chevella,2727 ,Resale,666 / sq ft
OWNER,Residential Plot in Neemsboro PAMENA GREENS, 18.18 L,Chevella,2727 ,Resale,666 / sq ft
OWNER,Residential Plot in Neemsboro PAMENA GREENS, 18.18 L,Chevella,2727 ,Resale,666 / sq ft
OWNER,Residential Plot in Neemsboro PAMENA GREENS, 18.18 L,Chevella,2727 ,Resale,666 / sq ft
OWNER,Residential Plot in Neemsboro PAMENA GREENS, 18.18 L,Chevella,2727 ,Resale,666 / sq ft
OWNER,Residential Plot in Neemsboro PAMENA GREENS, 18.18 L,Chevella,2727 ,Resale,666 / sq ft
OWNER,Residential Plot in Neemsboro PAMENA GREENS, 18.18 L,Chevella,2727 ,Resale,666 / sq ft
OWNER,Residential Plot in Neemsboro PAMENA GREENS, 18.18 L,Chevella,2727 ,Resale,666 / sq ft
OWNER,Residential Plot in Neemsboro PAMENA GREENS, 18.18 L,Chevella,2727 ,Resale,666 / sq ft
OWNER,3 BHK Apartment, 43.05 L,Miyapur,1230 ,Under Construction,"3,500 / sq ft"
OWNER,2 BHK Apartment, 38.5 L,Aminpur,1150 ,Under Construction,"3,347 / sq ft"
OWNER,3 BHK Apartment, 56.65 L,Chandanagar,1590 ,Under Construction,"3,562 / sq ft"
OWNER,2 BHK Apartment, 56.17 L,Miyapur,1605 ,Under Construction,"3,500 / sq ft"
OWNER,3 BHK Apartment, 55.82 L,Chandanagar Vill,1595 ,Under Construction,"3,500 / sq ft"
OWNER,2 BHK Apartment, 46.9 L,Chandanagar Vill,1340 ,Under Construction,"3,500 / sq ft"
OWNER,2 BHK Apartment, 35.87 L,Miyapur,1025 ,Under Construction,"3,500 / sq ft"
OWNER,2 BHK Apartment, 37.1 L,Miyapur,1060 ,Under Construction,"3,500 / sq ft"
OWNER,2 BHK Apartment, 43.05 L,Miyapur,1230 ,Under Construction,"3,500 / sq ft"
OWNER,2 BHK Apartment, 38.5 L,Miyapur,1100 ,Under Construction,"3,500 / sq ft"
OWNER,3 BHK Apartment, 53.55 L,Miyapur,1530 ,Under Construction,"3,500 / sq ft"
OWNER,3 BHK Apartment, 85 L,Madhapur,1450 ,Ready to move,"5,862 / sq ft"
OWNER,3 BHK Apartment, 85 L,Madhapur,1450 ,Ready to move,"5,862 / sq ft"
OWNER,3 BHK Apartment, 85 L,Madhapur,1450 ,Ready to move,"5,862 / sq ft"
OWNER,3 BHK Apartment, 85 L,Madhapur,1450 ,Ready to move,"5,862 / sq ft"
OWNER,3 BHK Apartment, 85 L,Madhapur,1450 ,Ready to move,"5,862 / sq ft"
OWNER,3 BHK Apartment, 85 L,Madhapur,1450 ,Ready to move,"5,862 / sq ft"
OWNER,3 BHK Apartment, 85 L,Madhapur,1450 ,Ready to move,"5,862 / sq ft"
OWNER,3 BHK Apartment, 85 L,Madhapur,1450 ,Ready to move,"5,862 / sq ft"
OWNER,3 BHK Apartment, 85 L,Madhapur,1450 ,Ready to move,"5,862 / sq ft"
OWNER,3 BHK Apartment, 85 L,Madhapur,1450 ,Ready to move,"5,862 / sq ft"
OWNER,3 BHK Apartment, 85 L,Madhapur,1450 ,Ready to move,"5,862 / sq ft"
OWNER,6 BHK Villa, 1.43 Cr,Mokila,2600 ,Under Construction,"5,500 / sq ft"
OWNER,Residential Plot, 98 L,Kundanpally,3600 ,Resale,"2,722 / sq ft"
OWNER,Residential Plot, 98 L,Kundanpally,3600 ,Resale,"2,722 / sq ft"
OWNER,Residential Plot, 98 L,Kundanpally,3600 ,Resale,"2,722 / sq ft"
OWNER,Residential Plot, 98 L,Kundanpally,3600 ,Resale,"2,722 / sq ft"
OWNER,Residential Plot, 98 L,Kundanpally,3600 ,Resale,"2,722 / sq ft"
OWNER,Residential Plot, 98 L,Kundanpally,3600 ,Resale,"2,722 / sq ft"
OWNER,Residential Plot, 27 L,Kothur,1450 ,Resale,"1,862 / sq ft"
OWNER,5 BHK Independent House, 2.5 Cr,Habsiguda,2800 ,Ready to move,"8,928 / sq ft"
OWNER,2 BHK Apartment, 55 L,Ramachandra Puram,1015 ,Ready to move,"5,418 / sq ft"
OWNER,3 BHK Villa, 66 L,Nagaram Hyderabad South,1450 ,Ready to move,"4,551 / sq ft"
OWNER,Residential Plot, 1.13 Cr,Almasguda,2700 ,Resale,"4,211 / sq ft"
OWNER,Residential Plot, 1.13 Cr,Almasguda,2700 ,Resale,"4,211 / sq ft"
OWNER,Residential Plot, 1.13 Cr,Almasguda,2700 ,Resale,"4,211 / sq ft"
OWNER,Residential Plot, 1.13 Cr,Almasguda,2700 ,Resale,"4,211 / sq ft"
OWNER,Residential Plot, 1.13 Cr,Almasguda,2700 ,Resale,"4,211 / sq ft"
OWNER,Residential Plot, 1.13 Cr,Almasguda,2700 ,Resale,"4,211 / sq ft"
OWNER,Residential Plot, 1.13 Cr,Almasguda,2700 ,Resale,"4,211 / sq ft"
OWNER,Residential Plot, 1.13 Cr,Almasguda,2700 ,Resale,"4,211 / sq ft"
OWNER,Residential Plot, 1.13 Cr,Almasguda,2700 ,Resale,"4,211 / sq ft"
OWNER,Residential Plot, 1.13 Cr,Almasguda,2700 ,Resale,"4,211 / sq ft"
OWNER,Residential Plot, 1.13 Cr,Almasguda,2700 ,Resale,"4,211 / sq ft"
OWNER,Residential Plot, 1.13 Cr,Almasguda,2700 ,Resale,"4,211 / sq ft"
OWNER,2 BHK Independent House, 72 L,Godumakunta,1550 ,Ready to move,"4,645 / sq ft"
OWNER,2 BHK Apartment in Prime Heights, 80 L,Kukatpally,1126 ,Ready to move,"7,104 / sq ft"
OWNER,2 BHK Apartment, 37 L,Chandanagar,1020 ,Under Construction,"3,627 / sq ft"
OWNER,Residential Plot in Speed Forest Ridge, 80 L,Shamirpet,2925 ,Resale,"2,735 / sq ft"
OWNER,Residential Plot, 45 L,Gollur,3285 ,Resale,"1,369 / sq ft"
OWNER,Residential Plot, 45 L,Gollur,3285 ,Resale,"1,369 / sq ft"
OWNER,Residential Plot, 20 L,Kothur,2160 ,Resale,925 / sq ft
OWNER,Residential Plot, 45 L,Gollur,3285 ,Resale,"1,369 / sq ft"
OWNER,Residential Plot, 45 L,Gollur,3285 ,Resale,"1,369 / sq ft"
OWNER,Residential Plot, 45 L,Gollur,3285 ,Resale,"1,369 / sq ft"
OWNER,Residential Plot, 45 L,Gollur,3285 ,Resale,"1,369 / sq ft"
OWNER,3 BHK Apartment, 86 L,Kondapur,1515 ,Ready to move,"5,676 / sq ft"
OWNER,2 BHK Apartment, 47.5 L,Yapral,1125 ,Under Construction,"4,222 / sq ft"
OWNER,3 BHK Apartment, 77.98 L,Hayathnagar,1654 ,Under Construction,"4,715 / sq ft"
OWNER,3 BHK Apartment in Hivision Residency, 92.5 L,Kompally,1700 ,Ready to move,"5,441 / sq ft"
OWNER,2 BHK Apartment in SV Narayana Reddy Homes, 40 L,LB Nagar,755 ,Ready to move,"5,298 / sq ft"
OWNER,3 BHK Apartment in Swaraj Homes United Enclave, 1.5 Cr,Ameerpet,1800 ,Ready to move,"8,333 / sq ft"
OWNER,2 BHK Apartment in SV Narayana Reddy Homes, 40 L,LB Nagar,755 ,Ready to move,"5,298 / sq ft"
OWNER,2 BHK Apartment in SV Narayana Reddy Homes, 40 L,LB Nagar,755 ,Ready to move,"5,298 / sq ft"
OWNER,3 BHK Apartment in Swaraj Homes United Enclave, 1.5 Cr,Ameerpet,1800 ,Ready to move,"8,333 / sq ft"
OWNER,2 BHK Apartment in SV Narayana Reddy Homes, 40 L,LB Nagar,755 ,Ready to move,"5,298 / sq ft"
OWNER,10 BHK Independent House, 3.8 Cr,Mehdipatnam,4735 ,Ready to move,"8,025 / sq ft"
OWNER,2 BHK Independent House, 57 L,Nadergul,1250 ,Ready to move,"4,560 / sq ft"
OWNER,2 BHK Independent House, 57 L,Nadergul,1250 ,Ready to move,"4,560 / sq ft"
OWNER,2 BHK Independent House, 57 L,Nadergul,1250 ,Ready to move,"4,560 / sq ft"
OWNER,Residential Plot, 36.5 L,Chevella,1040 ,Resale,"3,509 / sq ft"
OWNER,Residential Plot, 18.18 L,Chevella,2727 ,Resale,666 / sq ft
OWNER,Residential Plot, 18.18 L,Chevella,2727 ,Resale,666 / sq ft
OWNER,Residential Plot, 18.18 L,Chevella,2727 ,Resale,666 / sq ft
OWNER,Residential Plot, 18.18 L,Chevella,2727 ,Resale,666 / sq ft
OWNER,Residential Plot, 36.5 L,Chevella,1040 ,Resale,"3,509 / sq ft"
OWNER,Residential Plot, 36.5 L,Chevella,1040 ,Resale,"3,509 / sq ft"
AGENT,3 BHK Apartment, 1.09 Cr,Kukatpally,1592 ,Ready to move,"6,900 / sq ft"
AGENT,2 BHK Apartment, 94.11 L,Kukatpally,1426 ,Under Construction,"6,600 / sq ft"
OWNER,2 BHK Apartment, 39.74 L,Pragathi Nagar Kukatpally,1150 ,Under Construction,"3,456 / sq ft"
OWNER,2 BHK Apartment, 41.47 L,Pragathi Nagar Kukatpally,1200 ,Under Construction,"3,456 / sq ft"
OWNER,2 BHK Independent House, 57 L,Nadergul,1250 ,Ready to move,"4,560 / sq ft"
OWNER,2 BHK Independent House, 57 L,Nadergul,1250 ,Ready to move,"4,560 / sq ft"
OWNER,Residential Plot, 15 L,Bhuvanagiri,2700 ,Resale,555 / sq ft
OWNER,2 BHK Apartment, 36 L,Nagaram,1142 ,Ready to move,"3,152 / sq ft"
OWNER,3 BHK Apartment, 42.75 L,Kompally,1585 ,Under Construction,"2,697 / sq ft"
OWNER,3 BHK Apartment, 42.75 L,Kompally,1585 ,Under Construction,"2,697 / sq ft"
OWNER,4 BHK Independent House, 76.89 L,Patancheru,2160 ,Ready to move,"3,560 / sq ft"
OWNER,3 BHK Villa in Lakshmi Srinivasa Bhavanas GLC Cribs Phase 2, 1.16 Cr,Bachupally,2700 ,Under Construction,"4,332 / sq ft"
OWNER,Residential Plot, 36 L,Bibinagar,2700 ,Resale,"1,333 / sq ft"
OWNER,Residential Plot, 36 L,Bibinagar,2700 ,Resale,"1,333 / sq ft"
OWNER,Residential Plot, 36 L,Bibinagar,2700 ,Resale,"1,333 / sq ft"
OWNER,Residential Plot, 36 L,Bibinagar,2700 ,Resale,"1,333 / sq ft"
OWNER,Residential Plot, 34 L,Ibrahimpatnam,1800 ,Resale,"1,888 / sq ft"
OWNER,Residential Plot, 34 L,Ibrahimpatnam,1800 ,Resale,"1,888 / sq ft"
OWNER,Residential Plot, 34 L,Ibrahimpatnam,1800 ,Resale,"1,888 / sq ft"
OWNER,Residential Plot, 34 L,Ibrahimpatnam,1800 ,Resale,"1,888 / sq ft"
OWNER,Residential Plot, 34 L,Ibrahimpatnam,1800 ,Resale,"1,888 / sq ft"
AGENT,2 BHK Apartment, 31.94 L,Nizampet,819 ,Under Construction,"3,900 / sq ft"
OWNER,3 BHK Villa in Mirchi Venice City, 1.65 Cr,Kollur,2230 ,Under Construction,"7,399 / sq ft"
OWNER,3 BHK Villa in Mirchi Venice City, 1.65 Cr,Kollur,2230 ,Under Construction,"7,399 / sq ft"
OWNER,3 BHK Villa in Mirchi Venice City, 1.65 Cr,Kollur,2230 ,Under Construction,"7,399 / sq ft"
OWNER,3 BHK Villa in Mirchi Venice City, 1.65 Cr,Kollur,2230 ,Under Construction,"7,399 / sq ft"
OWNER,3 BHK Villa in Mirchi Venice City, 1.65 Cr,Kollur,2230 ,Under Construction,"7,399 / sq ft"
OWNER,3 BHK Villa in Mirchi Venice City, 1.65 Cr,Kollur,2230 ,Under Construction,"7,399 / sq ft"
OWNER,3 BHK Villa in Mirchi Venice City, 1.65 Cr,Kollur,2230 ,Under Construction,"7,399 / sq ft"
OWNER,3 BHK Villa in Mirchi Venice City, 1.65 Cr,Kollur,2230 ,Under Construction,"7,399 / sq ft"
OWNER,3 BHK Villa in Mirchi Venice City, 1.65 Cr,Kollur,2230 ,Under Construction,"7,399 / sq ft"
OWNER,3 BHK Villa in Mirchi Venice City, 1.65 Cr,Kollur,2230 ,Under Construction,"7,399 / sq ft"
OWNER,3 BHK Villa in Mirchi Venice City, 1.65 Cr,Kollur,2230 ,Under Construction,"7,399 / sq ft"
OWNER,3 BHK Villa in Mirchi Venice City, 1.65 Cr,Kollur,2230 ,Under Construction,"7,399 / sq ft"
OWNER,7 BHK Independent House in Dream City, 1 Cr,Balapur,2500 ,Ready to move,"4,000 / sq ft"
OWNER,Residential Plot, 24 L,Yacharam,1800 ,Resale,"1,333 / sq ft"
OWNER,Residential Plot, 24 L,Yacharam,1800 ,Resale,"1,333 / sq ft"
OWNER,Residential Plot, 24 L,Yacharam,1800 ,Resale,"1,333 / sq ft"
OWNER,2 BHK Independent House, 66 L,Rampally,1360 ,Ready to move,"4,852 / sq ft"
OWNER,2 BHK Apartment, 44 L,Miyapur,1020 ,Ready to move,"4,313 / sq ft"
OWNER,3 BHK Apartment, 70 L,Neknampur,1580 ,Under Construction,"4,430 / sq ft"
OWNER,3 BHK Apartment in Gokul Nandanam, 70 L,Bachupally,1460 ,Ready to move,"4,794 / sq ft"
OWNER,3 BHK Apartment in Gokul Nandanam, 70 L,Bachupally,1460 ,Ready to move,"4,794 / sq ft"
OWNER,2 BHK Apartment, 45 L,Nizampet,1170 ,Ready to move,"3,846 / sq ft"
OWNER,2 BHK Apartment, 45 L,Nizampet,1170 ,Ready to move,"3,846 / sq ft"
OWNER,2 BHK Apartment, 82 L,Gachibowli,1156 ,Ready to move,"7,093 / sq ft"
OWNER,6 BHK Independent House, 1.3 Cr,AS Rao Nagar,2400 ,Ready to move,"5,416 / sq ft"
OWNER,2 BHK Apartment, 44 L,Balanagar,1100 ,Ready to move,"4,000 / sq ft"
OWNER,3 BHK Apartment, 68 L,Yousufguda,1300 ,Ready to move,"5,230 / sq ft"
AGENT,3 BHK Apartment, 48.45 L,Balanagar,1615 ,Under Construction,"3,000 / sq ft"
AGENT,3 BHK Villa in Ashoka Spire, 1.14 Cr,Kokapet,2120 ,Under Construction,Price
AGENT,3 BHK Apartment, 42 L,Madhapur,1200 ,Under Construction,"3,500 / sq ft"
AGENT,1 BHK Apartment, 12.5 L,Tukkuguda,629 ,Under Construction,"1,987 / sq ft"
AGENT,3 BHK Apartment, 29 L,Shamirpet,1300 ,Under Construction,"2,230 / sq ft"
AGENT,2 BHK Apartment, 21 L,Shamirpet,980 ,Under Construction,"2,142 / sq ft"
AGENT,4 BHK Villa, 2.8 Cr,Narsingi,3431 ,Ready to move,"8,160 / sq ft"
AGENT,3 BHK Apartment, 67.2 L,Manchirevula,1600 ,Under Construction,"4,200 / sq ft"
AGENT,3 BHK Apartment, 71.4 L,Manchirevula,1700 ,Under Construction,"4,200 / sq ft"
AGENT,3 BHK Apartment, 84 L,Manchirevula,2000 ,Under Construction,"4,200 / sq ft"
AGENT,3 BHK Apartment, 92.4 L,Hitech City,2200 ,Under Construction,"4,200 / sq ft"
AGENT,3 BHK Apartment, 1.26 Cr,Kokapet,3013 ,Under Construction,"4,200 / sq ft"
AGENT,2 BHK Apartment, 68.92 L,Nanakramguda,1641 ,Under Construction,"4,200 / sq ft"
AGENT,3 BHK Apartment, 81 L,Hitech City,1800 ,Under Construction,"4,500 / sq ft"
AGENT,3 BHK Apartment, 92.44 L,Nanakramguda,2201 ,Under Construction,"4,200 / sq ft"
AGENT,3 BHK Apartment, 1.09 Cr,Kokapet,2603 ,Under Construction,"4,200 / sq ft"
AGENT,3 BHK Apartment, 1.09 Cr,Kokapet,2608 ,Under Construction,"4,200 / sq ft"
AGENT,3 BHK Apartment, 1.17 Cr,Kokapet,2803 ,Under Construction,"4,200 / sq ft"
AGENT,3 BHK Apartment, 1.17 Cr,Kokapet,2804 ,Under Construction,"4,200 / sq ft"
AGENT,3 BHK Apartment, 1.26 Cr,Kokapet,3015 ,Under Construction,"4,200 / sq ft"
AGENT,3 BHK Apartment, 67.2 L,Kokapet,1600 ,Under Construction,"4,200 / sq ft"
AGENT,3 BHK Apartment, 1.08 Cr,Hitech City,2400 ,Under Construction,"4,500 / sq ft"
AGENT,3 BHK Apartment, 1.68 Cr,Kokapet,4000 ,Under Construction,"4,200 / sq ft"
AGENT,2 BHK Apartment, 54.6 L,Hitech City,1300 ,Under Construction,"4,200 / sq ft"
AGENT,3 BHK Apartment, 67.2 L,Nanakramguda,1600 ,Under Construction,"4,200 / sq ft"
AGENT,2 BHK Apartment, 57.12 L,Nanakramguda,1360 ,Under Construction,"4,200 / sq ft"
AGENT,2 BHK Apartment, 57.12 L,Hitech City,1360 ,Under Construction,"4,200 / sq ft"
AGENT,3 BHK Apartment, 1.17 Cr,Hitech City,2800 ,Under Construction,"4,200 / sq ft"
AGENT,3 BHK Apartment, 84 L,Hitech City,2000 ,Under Construction,"4,200 / sq ft"
AGENT,3 BHK Apartment, 78.12 L,Nanakramguda,1860 ,Under Construction,"4,200 / sq ft"
AGENT,3 BHK Villa, 1.14 Cr,Bachupally,2076 ,Under Construction,"5,500 / sq ft"
AGENT,3 BHK Apartment, 84 L,Kokapet,2000 ,Under Construction,"4,200 / sq ft"
AGENT,3 BHK Apartment, 1.56 Cr,Nanakramguda,2601 ,Under Construction,"5,999 / sq ft"
AGENT,3 BHK Apartment, 1.43 Cr,Nanakramguda,2400 ,Under Construction,"5,999 / sq ft"
AGENT,3 BHK Apartment, 1.32 Cr,Nanakramguda,2201 ,Under Construction,"5,999 / sq ft"
AGENT,3 BHK Apartment, 2.4 Cr,Nanakramguda,4001 ,Under Construction,"5,999 / sq ft"
AGENT,3 BHK Apartment, 1.79 Cr,Nanakramguda,3000 ,Under Construction,"5,999 / sq ft"
AGENT,3 BHK Apartment, 2.39 Cr,Nanakramguda,4000 ,Under Construction,"5,999 / sq ft"
AGENT,3 BHK Apartment, 95.98 L,Narsingi,1600 ,Under Construction,"5,999 / sq ft"
AGENT,3 BHK Apartment, 1.07 Cr,Manchirevula,1800 ,Under Construction,"5,999 / sq ft"
AGENT,3 BHK Apartment, 1.19 Cr,Nanakramguda,2000 ,Under Construction,"5,999 / sq ft"
AGENT,3 BHK Apartment, 1.43 Cr,Nanakramguda,2400 ,Under Construction,"5,999 / sq ft"
AGENT,3 BHK Apartment, 1.43 Cr,Manchirevula,2400 ,Under Construction,"5,999 / sq ft"
AGENT,2 BHK Apartment, 77.98 L,Manchirevula,1300 ,Under Construction,"5,999 / sq ft"
AGENT,4 BHK Apartment, 2.39 Cr,Nanakramguda,4000 ,Under Construction,"5,999 / sq ft"
AGENT,2 BHK Apartment, 77.98 L,Nanakramguda,1300 ,Under Construction,"5,999 / sq ft"
AGENT,3 BHK Apartment, 1.07 Cr,Nanakramguda,1800 ,Under Construction,"5,999 / sq ft"
AGENT,4 BHK Apartment, 1.79 Cr,Kokapet,3000 ,Under Construction,"5,999 / sq ft"
AGENT,2 BHK Apartment, 80.68 L,Kokapet,1345 ,Under Construction,"5,999 / sq ft"
AGENT,2 BHK Apartment, 67.72 L,Mokila,1129 ,Ready to move,"5,999 / sq ft"
AGENT,2 BHK Villa, 59.99 L,Taramatipet,1000 ,Under Construction,"5,999 / sq ft"
AGENT,3 BHK Apartment, 1.43 Cr,Hitech City,2400 ,Under Construction,"5,999 / sq ft"
AGENT,3 BHK Apartment, 1.07 Cr,Hitech City,1800 ,Under Construction,"5,999 / sq ft"
AGENT,3 BHK Apartment, 1.67 Cr,Kokapet,2800 ,Under Construction,"5,999 / sq ft"
AGENT,3 BHK Apartment, 1.79 Cr,Kokapet,3000 ,Under Construction,"5,999 / sq ft"
AGENT,3 BHK Apartment, 1.55 Cr,Kokapet,2600 ,Under Construction,"5,999 / sq ft"
AGENT,2 BHK Villa, 59.99 L,Taramatipet,1000 ,Under Construction,"5,999 / sq ft"
AGENT,2 BHK Apartment, 77.98 L,Kokapet,1300 ,Under Construction,"5,999 / sq ft"
AGENT,3 BHK Apartment, 1.19 Cr,Manchirevula,2000 ,Under Construction,"5,999 / sq ft"
AGENT,4 BHK Apartment, 1.79 Cr,Hitech City,3000 ,Under Construction,"5,999 / sq ft"
AGENT,4 BHK Apartment, 2.33 Cr,Manchirevula,3900 ,Under Construction,"5,999 / sq ft"
AGENT,4 BHK Villa, 2.6 Cr,Tellapur,2700 ,Ready to move,"9,629 / sq ft"
AGENT,2 BHK Apartment, 77.98 L,Hitech City,1300 ,Under Construction,"5,999 / sq ft"
OWNER,7 BHK Independent House, 3.24 Cr,Bowenpally,3501 ,Ready to move,"9,254 / sq ft"
OWNER,8 BHK Villa, 1.8 Cr,Old Bowenpally,3400 ,Ready to move,"5,294 / sq ft"
AGENT,3 BHK Apartment, 64.4 L,Alwal,1610 ,Under Construction,"4,000 / sq ft"
OWNER,2 BHK Apartment in Concrete Vivanta, 74 L,Miyapur,1215 ,Ready to move,"6,090 / sq ft"
OWNER,3 BHK Apartment in Canny Group Canny IRIS, 92 L,Kondapur,1525 ,Ready to move,"6,032 / sq ft"
AGENT,2 BHK Apartment, 33.12 L,Hakimpet Hyderabad Karimnagar Highway,1325 ,Under Construction,"2,500 / sq ft"
OWNER,Residential Plot, 35 L,Ghatkesar,2700 ,Resale,"1,296 / sq ft"
OWNER,2 BHK Apartment, 46.44 L,Miyapur,1080 ,Ready to move,"4,300 / sq ft"
OWNER,3 BHK Independent House in Celebrity Lifestyle Dream Homes I, 1.5 Cr,Bhanur,1900 ,Under Construction,"7,894 / sq ft"
OWNER,2 BHK Independent House, 78 L,Dammaiguda,1620 ,Ready to move,"4,814 / sq ft"
OWNER,3 BHK Villa, 1.45 Cr,Ramachandra Puram,2030 ,Ready to move,"7,142 / sq ft"
OWNER,2 BHK Apartment, 49 L,Nizampet,900 ,Ready to move,"5,444 / sq ft"
OWNER,3 BHK Apartment in SMR Vinay Harmony County, 82 L,Bandlaguda Jagir,1500 ,Ready to move,"5,466 / sq ft"
OWNER,3 BHK Apartment, 1.15 Cr,Madhapur,1780 ,Under Construction,"6,500 / sq ft"
OWNER,3 BHK Villa, 1.78 Cr,Mokila,3237 ,Under Construction,"5,498 / sq ft"
OWNER,4 BHK Villa in Ramky Pearl, 4.6 Cr,Kukatpally,3240 ,Ready to move,"14,197 / sq ft"
OWNER,Residential Plot, 56 L,Patancheru,1800 ,Resale,"3,111 / sq ft"
OWNER,2 BHK Independent House, 1.4 Cr,Alwal,1800 ,Ready to move,"7,777 / sq ft"
AGENT,3 BHK Apartment in Sai Shraddha Constructions Gopal Rao Nagar, 78.5 L,Kukatpally,1350 ,Under Construction,"5,814 / sq ft"
AGENT,3 BHK Apartment in Sai Shraddha Constructions Gopal Rao Nagar, 78 L,Kukatpally,1350 ,Under Construction,"5,777 / sq ft"
AGENT,Residential Plot, 86 L,Narapally,200 ,Resale,"43,000 / sq ft"
AGENT,Residential Plot, 99 L,Narapally,220 ,Resale,"45,000 / sq ft"
AGENT,Residential Plot, 29.99 L,Bhuvanagiri,1800 ,Resale,"1,666 / sq ft"
AGENT,Residential Plot, 30 L,Bhuvanagiri,1800 ,New,"1,666 / sq ft"
AGENT,Residential Plot, 43.87 L,Ghatkesar,2925 ,Resale,"1,499 / sq ft"
OWNER,2 BHK Apartment in EVK EVK Avasa, 37 L,Kollur,1170 ,Under Construction,"3,162 / sq ft"
OWNER,2 BHK Apartment, 24.18 L,Shamirpet,1100 ,Under Construction,"2,199 / sq ft"
OWNER,3 BHK Apartment, 1.05 Cr,Hastinapuram,1833 ,Under Construction,"5,728 / sq ft"
OWNER,1 BHK Apartment in Sheetal Apartment, 24 L,Maruthi Nagar,650 ,Ready to move,"3,692 / sq ft"
OWNER,3 BHK Apartment in Reputed Builder Sri Tara Jeet Residency, 1.6 Cr,Narayanguda,1928 ,Ready to move,"8,298 / sq ft"
OWNER,3 BHK Independent House, 2 Cr,Malakpet,1800 ,Ready to move,"11,111 / sq ft"
OWNER,3 BHK Apartment in Saket Pranaam, 75 L,Sainikpuri,1614 ,Ready to move,"4,646 / sq ft"
OWNER,3 BHK Apartment in GoldFish Vaaha, 1.23 Cr,Narsingi,2240 ,Under Construction,"5,491 / sq ft"
OWNER,3 BHK Apartment, 75 L,Chinna Thokatta,3200 ,Ready to move,"2,343 / sq ft"
OWNER,3 BHK Apartment, 95 L,Madhapur,1450 ,Ready to move,"6,551 / sq ft"
OWNER,3 BHK Apartment, 75 L,Nanakramguda,1650 ,Ready to move,"4,545 / sq ft"
OWNER,3 BHK Apartment in RNR Fort View Towers, 75 L,Attapur,1230 ,Ready to move,"6,097 / sq ft"
OWNER,3 BHK Apartment in RNR Fort View Towers, 1.02 Cr,Attapur,1635 ,Ready to move,"6,244 / sq ft"
OWNER,4 BHK Independent House, 1.4 Cr,AS Rao Nagar,1425 ,Ready to move,"9,824 / sq ft"
OWNER,3 BHK Apartment in Swaraj Homes Samskruthi Apartment, 54 L,Kothapet,1670 ,Under Construction,"3,233 / sq ft"
OWNER,2 BHK Apartment, 24.84 L,Medchal,1080 ,Under Construction,"2,300 / sq ft"
OWNER,Residential Plot in Vikhyath Haritha Vanam Bhongir, 21.15 L,Bhuvanagiri,1500 ,Resale,"1,410 / sq ft"
OWNER,2 BHK Apartment in Nestcon Elegant Cove, 58 L,Bowenpally,1355 ,Ready to move,"4,280 / sq ft"
OWNER,4 BHK Independent House, 1.4 Cr,Quthbullapur,2200 ,Ready to move,"6,363 / sq ft"
OWNER,2 BHK Independent House, 1.25 Cr,Bolarum,3000 ,Under Construction,"4,166 / sq ft"
OWNER,5 BHK Independent House, 1.25 Cr,Mallampet,3000 ,Under Construction,"4,166 / sq ft"
OWNER,2 BHK Apartment in Active Pearl Place, 67 L,Nallagandla Gachibowli,1040 ,Ready to move,"6,442 / sq ft"
OWNER,Residential Plot, 88 L,Cherlapalli,2000 ,Resale,"4,400 / sq ft"
OWNER,Residential Plot, 19.46 L,Toopra Khurd,1485 ,Resale,"1,311 / sq ft"
OWNER,2 BHK Independent House, 25 L,Gajularamaram,1000 ,Ready to move,"2,500 / sq ft"
OWNER,2 BHK Independent House, 25 L,Gajularamaram,1000 ,Ready to move,"2,500 / sq ft"
OWNER,3 BHK Apartment in Swaraj Homes Vindhya Heights, 55 L,Pragathi Nagar Kukatpally,1400 ,Ready to move,"3,928 / sq ft"
OWNER,2 BHK Apartment, 67 L,Chanakyapuri,1255 ,Ready to move,"5,338 / sq ft"
OWNER,4 BHK Villa, 8 Cr,Gandipet,5500 ,Ready to move,"14,545 / sq ft"
OWNER,2 BHK Apartment in SV Narayana Reddy Homes, 38 L,LB Nagar,755 ,Ready to move,"5,033 / sq ft"
OWNER,3 BHK Apartment in IJM Raintree Park Phase 1, 1.17 Cr,Kukatpally,1956 ,Ready to move,"5,981 / sq ft"
OWNER,Residential Plot, 3.78 Cr,Bonthapalle,15120 ,Resale,"2,500 / sq ft"
OWNER,Residential Plot in Swaraj Homes SKT Vishnu Srinivasam, 46 L,Mallapur,9009 ,Resale,510 / sq ft
OWNER,3 BHK Apartment, 95 L,Hafeezpet,1500 ,Under Construction,"6,333 / sq ft"
OWNER,4 BHK Apartment, 1.1 Cr,Toli Chowki,1805 ,Ready to move,"6,094 / sq ft"
OWNER,2 BHK Independent Floor, 52 L,Pragathi Nagar Kukatpally,1100 ,Ready to move,"4,727 / sq ft"
OWNER,Residential Plot in YBR Avasa Hills, 24 L,Ramdas Pally,1800 ,Resale,"1,333 / sq ft"
OWNER,2 BHK Apartment, 61.75 L,Suchitra,1235 ,Under Construction,"5,000 / sq ft"
OWNER,3 BHK Villa, 1.38 Cr,Sainikpuri,2300 ,Ready to move,"6,000 / sq ft"
OWNER,3 BHK Apartment, 43.8 L,Patancheru,1460 ,Under Construction,"3,000 / sq ft"
OWNER,3 BHK Apartment, 77.75 L,Suchitra,1555 ,Under Construction,"5,000 / sq ft"
OWNER,2 BHK Apartment in Swaraj Homes Swagruhu Apartment, 36 L,Kukatpally,862 ,Ready to move,"4,176 / sq ft"
OWNER,4 BHK Apartment in Swaraj Homes AN Misra Residency, 74 L,Himayat Nagar,1060 ,Ready to move,"6,981 / sq ft"
OWNER,2 BHK Apartment in Ramky Greenview Apartments, 44.48 L,Maheshwaram,1025 ,Under Construction,"4,340 / sq ft"
OWNER,2 BHK Independent House, 95 L,Moti Nagar,1440 ,Ready to move,"6,597 / sq ft"
OWNER,3 BHK Independent House, 95 L,Borabanda,850 ,Ready to move,"11,176 / sq ft"
OWNER,2 BHK Independent House, 95 L,Borabanda,1440 ,Ready to move,"6,597 / sq ft"
OWNER,2 BHK Independent House, 63 L,Badangpet,1050 ,Ready to move,"6,000 / sq ft"
OWNER,4 BHK Villa, 3.16 Cr,Tellapur,4225 ,Ready to move,"7,500 / sq ft"
OWNER,5 BHK Villa, 6 Cr,Mokila,6500 ,Ready to move,"9,230 / sq ft"
OWNER,3 BHK Apartment, 35 L,Boiguda,1000 ,Ready to move,"3,500 / sq ft"
OWNER,4 BHK Apartment in Sunway Neville, 62.5 L,Miyapur,1101 ,Ready to move,"5,676 / sq ft"
OWNER,3 BHK Apartment in NCC Urban One, 1.33 Cr,Kokapet,1535 ,Ready to move,"8,664 / sq ft"
OWNER,3 BHK Apartment in Hivision Serene, 71 L,AS Rao Nagar,1604 ,Ready to move,"4,426 / sq ft"
OWNER,4 BHK Villa, 5.5 Cr,Mokila,4750 ,Ready to move,"11,578 / sq ft"
OWNER,2 BHK Apartment in Prajay Megapolis, 77.5 L,Kukatpally,1000 ,Ready to move,"7,750 / sq ft"
OWNER,5 BHK Villa, 1.2 Cr,Bhuvanagiri,2500 ,Under Construction,"4,800 / sq ft"
OWNER,3 BHK Apartment in Provident Kenworth, 67.5 L,Rajendra Nagar,1047 ,Ready to move,"6,447 / sq ft"
OWNER,Residential Plot, 11.25 L,Sadashivpet,1800 ,Resale,625 / sq ft
OWNER,2 BHK Apartment in Parijatha Pride, 33 L,Shamirpet,1000 ,Ready to move,"3,300 / sq ft"
OWNER,3 BHK Villa in Ar Anmol Anmol Alpine Vistas, 1.15 Cr,Patancheru,2008 ,Under Construction,"5,750 / sq ft"
OWNER,2 BHK Apartment in Swaraj Homes Vissen Plaza, 30 L,Nizampet,1098 ,Ready to move,"2,732 / sq ft"
OWNER,4 BHK Apartment in Lotus Roldana, 3.1 Cr,Banjara Hills,2957 ,Ready to move,"10,483 / sq ft"
OWNER,2 BHK Apartment, 72 L,Madhapur,1225 ,Ready to move,"5,877 / sq ft"
OWNER,4 BHK Villa in Sreenidhi Luxury Park 2, 2 Cr,Shamshabad,3351 ,Under Construction,"5,968 / sq ft"
OWNER,Residential Plot in Fortune Butterfly City, 18.69 L,Kadthal,2403 ,Resale,777 / sq ft
OWNER,2 BHK Apartment, 49 L,Bolarum,1195 ,Under Construction,"4,100 / sq ft"
OWNER,2 BHK Independent House, 67 L,Rampally,1300 ,Ready to move,"5,153 / sq ft"
OWNER,2 BHK Independent House, 60 L,Hayathnagar,1050 ,Ready to move,"5,714 / sq ft"
OWNER,Residential Plot, 3.5 L,Shamshabad,900 ,Resale,388 / sq ft
